title,year,publication_type,label_prozess_paradigma_combined,label_lernende_paradigma_combined,label_design_paradigma_combined,label_bildungstechnologie_paradigma_combined
Gibt es eine Net Generation? Widerlegung einer Mystifizierung,2008,Text/Conference Paper,-1.0,1.0,-1.0,1.0
Orchestrierung von Web 2.0-Anwendungen im Kontext hochschulischer Lehr-/Lernprozesse,2008,Text/Conference Paper,1.0,1.0,-1.0,1.0
E-Learning im Second Life – Eine Veranstaltung „IT-Projektmanagement“,2008,Text/Conference Paper,1.0,1.0,-1.0,1.0
eLearning als Teil einer serviceorientierten Hochschulinfrastruktur,2008,Text/Conference Paper,1.0,-1.0,1.0,1.0
Dienste-basierte Kopplung von virtueller und Präsenzlehre,2008,Text/Conference Paper,1.0,,1.0,1.0
"Service-basierte Integration dynamischer, interaktiver Medien in Lernplattformen",2008,Text/Conference Paper,1.0,-1.0,1.0,
"Theatrum Machinarum Generale – Schauplatz der digitalen Wissensorganisation, Archivierung und Erschließung",2008,Text/Conference Paper,1.0,-1.0,1.0,1.0
Einsatz persönlicher Wissensnetze im Ressourcen-basierten Lernen,2008,Text/Conference Paper,1.0,1.0,1.0,-1.0
Einsatz und Evaluation eines Zielmanagement-Werkzeugs bei der selbstregulierten Internet-Recherche,2008,Text/Conference Paper,,1.0,1.0,
Einsatz eines webbasierten Mehrautorensystems in der Lehre - ein Erfahrungsbericht,2008,Text/Conference Paper,1.0,,1.0,1.0
Automatische Erzeugung Semantischer Annotationen für Vorlesungsvideos,2008,Text/Conference Paper,,,1.0,
Plug’n’Present: Eine referentenorientierte Infrastruktur zur Präsentation und Aufzeichnung von Vorlesungen,2008,Text/Conference Paper,1.0,,1.0,
Online-Übungssystem für die Programmierausbildung zur Einführung in die Informatik,2008,Text/Conference Paper,1.0,,1.0,
Integriertes Übungsbetriebmodul im Rahmen eines hochschulweiten eLearning-Portals,2008,Text/Conference Paper,1.0,,1.0,1.0
"Sicherheitskonzept für elektronische Prüfungen an Hochschulen auf Basis eines ticketbasierten, virtuellen Dateisystems",2008,Text/Conference Paper,1.0,-1.0,1.0,
"Weg von der klassischen Frontalveranstaltung - Podcasts, Live-Coaching und Onlinetests als integrale Veranstaltungselemente in der Lehre",2008,Text/Conference Paper,1.0,1.0,-1.0,1.0
Entwicklung einer Plattform zur Integration informeller Projektaktivitäten in das formale Hochschulcurriculum,2008,Text/Conference Paper,1.0,,1.0,
Lernplattformen in der Schule – zwei Ansätze im Vergleich,2008,Text/Conference Paper,,1.0,-1.0,1.0
Von der Didaktik zur Technik - Softwarebasierte Unterstützung von Lehrenden im e-Learning,2008,Text/Conference Paper,1.0,-1.0,1.0,
Nebenläufigkeit der Modellierung und Ausführung von didaktischen Prozessen,2008,Text/Conference Paper,1.0,-1.0,1.0,
Learnflow Mining,2008,Text/Conference Paper,1.0,-1.0,1.0,
Hilfreiche Hilfe? - Adaptives Learning-on-Demand,2008,Text/Conference Paper,1.0,1.0,1.0,-1.0
Agile Betreuung von Abschlussarbeiten – Ein auf technopädagogischen Entwurfsmustern basierender Ansatz,2008,Text/Conference Paper,1.0,,,1.0
Vertraulichkeit persönlicher Daten in Lern-Management-Systemen,2008,Text/Conference Paper,1.0,,-1.0,1.0
Datenschutz beim E-Learning - Zum Verhältnis von Kontrolle und Vertrauen in der Informationsgesellschaft,2008,Text/Conference Paper,,-1.0,-1.0,1.0
Datenschutzfragen bei der Etablierung einer Arbeitsprozess-integrierten e-Learning-Lösung,2008,Text/Conference Paper,1.0,,1.0,-1.0
Der Graphical Learning Modeller: eine intuitive Modellierungsumgebung zur Erstellung IMS Learning Design konformer Lehr-/Lernabläufe,2008,Text/Conference Paper,1.0,,1.0,-1.0
Entwicklung von computerbasierten Lernspielen im Spannungsfeld zwischen Aufwand und Anspruch,2008,Text/Conference Paper,,1.0,1.0,
Entwicklung von E-Learning-Designkriterien und Implikationen für die Informationssicherheit,2008,Text/Conference Paper,1.0,,1.0,
Integration von Algorithmenvisualisierungen in die Lehre,2008,Text/Conference Paper,1.0,1.0,1.0,1.0
XML-basierte dreidimensionale Animation von Algorithmen und Datenstrukturen,2008,Text/Conference Paper,,,1.0,-1.0
Nachhaltige Adaption von akademischen E-Learning-Inhalten für unterschiedliche Anspruchslevel der Qualifizierungskette,2009,Text/Conference Paper,1.0,,1.0,1.0
"Das Ende der WBTs? Kernaussagenansatz, Personenmarken und Bartermodelle als konzeptionelle Antworten auf zentrale Herausforderungen",2009,Text/Conference Paper,1.0,1.0,1.0,1.0
Evaluierung von Open Source Lernmanagementsystemen in Bezug auf eine barrierefreie Benutzerschnittstelle,2009,Text/Conference Paper,,1.0,-1.0,1.0
E-Learning mit interaktiven Videos - Prototypisches Autorensystem und Bewertung von Anwendungsszenarien,2009,Text/Conference Paper,1.0,,1.0,
Programmierungslehrveranstaltung unter der Lupe,2009,Text/Conference Paper,1.0,1.0,-1.0,1.0
Serious Games: Virtuelle Simulation für eine Mitarbeiterfortbildung,2009,Text/Conference Paper,,1.0,1.0,-1.0
Ansätze zur Entwicklung datenschutzkonformer E-Learning-Plattformen,2009,Text/Conference Paper,1.0,,,1.0
Ereignisbasierte und konzeptuelle Schwachstellen in E-Learning-Systemen,2009,Text/Conference Paper,1.0,,-1.0,1.0
Sicherheitsprobleme dynamischer Erweiterbarkeit in E-Learning-Systemen,2009,Text/Conference Paper,1.0,-1.0,-1.0,1.0
Prozesse und Abläufe beim kollaborativen Wissenserwerb mittels computergestützter Videoannotation,2009,Text/Conference Paper,1.0,,1.0,1.0
Electures-Wiki - Aktive Nutzung von Vorlesungsaufzeichnungen,2009,Text/Conference Paper,1.0,1.0,1.0,
Hybride Lernarrangements - Informatik-Lehre an der Hochschule Offenburg,2009,Text/Conference Paper,1.0,1.0,1.0,1.0
Unterstützung für das Lernen sozialer Praxis in NGOs,2009,Text/Conference Paper,1.0,,1.0,1.0
Unterstützung kreativer Lernprozesse mit Student-Generated-Webtours,2009,Text/Conference Paper,1.0,1.0,-1.0,1.0
Mobile Schreibtische als neue Form des betreuten virtuellen Lernens,2009,Text/Conference Paper,1.0,,1.0,1.0
Bildung einer Community zur Vermittlung von E-Learning-Erfahrungen auf Basis semantischer Netze,2009,Text/Conference Paper,1.0,-1.0,1.0,
Digicampus: Integration von E-Learning-Werkzeugen und Realisierung einer campusweiten Lehr-/Lernplattform,2009,Text/Conference Paper,1.0,-1.0,1.0,1.0
"Werkzeuge zur Spezialisierung von XML-Sprachen für die vereinfachte, didaktisch unterstützte Erstellung von E-Learning-Inhalten",2009,Text/Conference Paper,1.0,-1.0,1.0,
Effekte automatischer Bewertungen für Programmieraufgaben in Übungs- und Prüfungssituationen,2009,Text/Conference Paper,1.0,1.0,1.0,-1.0
"Spezielle Interaktivitätsformen einer E-Assessment-Umgebung am Beispiel ""Grundlagen der Elektrotechnik""",2009,Text/Conference Paper,1.0,1.0,1.0,
"Flexibles E-Assessment auf Basis einer Service-orientierten Architektur - Konzepte, Implementierung und Praxiserfahrungen",2009,Text/Conference Paper,1.0,1.0,1.0,
MATCHIX - multimediale Zuordnungsübungen,2009,Text/Conference Paper,1.0,,1.0,
Realisierung eines Sicherheits- und Rechtemanagements für elektronische Prüfungen an Hochschulen mittels Software-Proxy,2009,Text/Conference Paper,1.0,-1.0,1.0,
Feedback mit einem webbasierten Übungsbetrieb,2009,Text/Conference Paper,1.0,1.0,1.0,
Empfehlungen zur Nutzung eines Textverarbeitungswerkzeugs zur Erstellung von XML-basierten E-Learning-Inhalten,2011,Text/Conference Paper,1.0,-1.0,1.0,1.0
"Competency-based approach to support learning objectives in learning, education and training",2011,Text/Conference Paper,1.0,,1.0,-1.0
Design und Evaluation von interaktiven webbasierten Bruchrechenaufgaben,2011,Text/Conference Paper,,1.0,1.0,-1.0
Empfehlungssysteme für Wissensgemeinschaften: Ein Social Recommender für eine Community of Practice,2011,Text/Conference Paper,1.0,,1.0,1.0
PATONGO-Storm: Ein Ansatz zur Unterstützung der synchronen Vernetzung von Praxiswissen,2011,Text/Conference Paper,1.0,,1.0,
Interaktive Visualisierung von Wissensressourcen einer Lerncommunity und Modellierung eines Ressourcenpfads,2011,Text/Conference Paper,1.0,-1.0,1.0,
Twitterwalls zur Konferenzunterstützung,2011,Text/Conference Paper,1.0,-1.0,1.0,1.0
"Mathematik auf YouTube: Herausforderungen, Werkzeuge, Erfahrungen",2011,Text/Conference Paper,1.0,1.0,1.0,1.0
Design eines pervasiven Lernspiels für Studienanfänger,2011,Text/Conference Paper,1.0,1.0,1.0,
Das GATE-System: Qualitätssteigerung durch Selbsttests für Studenten bei der Onlineabgabe von Übungsaufgaben?,2011,Text/Conference Paper,1.0,1.0,1.0,-1.0
Flexibles E-Assessment mit OLAT und ECSpooler,2011,Text/Conference Paper,1.0,,1.0,1.0
MobiDisc – Eine mobile Didaktik-Toolbox für die universitäre Lehre,2011,Text/Conference Paper,1.0,,1.0,
Vorlesungsaufzeichnung in der Mathematik - Nutzung und Auswirkung auf die Studienleistung,2011,Text/Conference Paper,,1.0,-1.0,1.0
"Steigerung von Interaktivität, Individualität und Lernzufriedenheiten in einer inversitären Massenveranstaltung durch mobile Endgeräte",2011,Text/Conference Paper,1.0,1.0,1.0,1.0
Kollaborative und altersgerechte Lernanwendung zur Vermittlung fundamentaler Ideen der Informatik,2011,Text/Conference Paper,,1.0,1.0,
Forschungsherausforderung des E-Learnings,2011,Text/Conference Paper,1.0,1.0,-1.0,1.0
Studentische Interaktion mit automatischen Prüfungssystemen,2011,Text/Conference Paper,1.0,1.0,-1.0,-1.0
Organisationslücken bei der Implementierung von e-Learning in Schulen,2011,Text/Conference Paper,1.0,,-1.0,1.0
"Implementing the ""Wiki Way“ in a course in higher education",2011,Text/Conference Paper,1.0,,-1.0,1.0
Rückführung von User Generated Content in Lernmaterialien: Ein Klassifikationsschema zur Bewertung des Lernkontextes,2011,Text/Conference Paper,,,-1.0,1.0
Motivation durch Feedbackmechanismen in Vorlesungswikis – Welche versprechen mehr Wirkung?,2011,Text/Conference Paper,1.0,1.0,-1.0,1.0
Anregung der Kooperation zwischen Lernenden mittels eines Feeds von Aktionen in einer Lerncommunity,2012,Text/Conference Paper,1.0,1.0,1.0,-1.0
Feedback provision strategies in intelligent tutoring systems based on clustered solution spaces,2012,Text/Conference Paper,,1.0,1.0,-1.0
Implementing a culture of participation as means for collaboration in tele-teaching using the example of cooperative video annotation,2012,Text/Conference Paper,1.0,1.0,1.0,1.0
Automatic categorization of lecture videos: using statistical log file analysis to enhance tele-teaching metadata,2012,Text/Conference Paper,1.0,-1.0,-1.0,1.0
Akzeptanz von Lehrveranstaltungsaufzeichnungen – Befunde aus zwei empirischen Studien,2012,Text/Conference Paper,1.0,1.0,-1.0,1.0
Geführtes Tutorsystem mit Unterstützung zunehmender Selbstständigkeit zur Modellierung von UML-Klassendiagrammen,2012,Text/Conference Paper,1.0,1.0,1.0,
e-Learning zwischen Alpen und Küste - eine Analyse der DeLFI-Community,2012,Text/Conference Paper,-1.0,-1.0,-1.0,-1.0
Themengebiete der DeLFI-Tagungen und -Workshops und ihre Dynamik über die vergangenen Jahre,2012,Text/Conference Paper,,-1.0,1.0,-1.0
Kompetenzentwicklung in Computerspielen am Beispiel von WoW,2012,Text/Conference Paper,-1.0,1.0,-1.0,1.0
Mobiles aktivierendes Lernen im Bauingenieurwesen: eine Semantic MediaWiki basierte Anwendung und ein Erfahrungsbericht,2012,Text/Conference Paper,1.0,1.0,1.0,1.0
Klasse trotz Masse - e-Lernkarten als Möglichkeit aktiven Lernens und individueller Förderung,2012,Text/Conference Paper,1.0,1.0,1.0,
Was fördert Kooperation? Betrachtung von Schulinformationssystemen durch Logfileanalysen,2012,Text/Conference Paper,1.0,-1.0,-1.0,1.0
Ein Prozess und eine Lernumgebung zum abstrahierenden Lernen durch aktive Modellbildung,2012,Text/Conference Paper,1.0,1.0,1.0,-1.0
Die (technischen) Potenziale digitaler Tafeln,2012,Text/Conference Paper,1.0,,-1.0,1.0
Eyetracking als Evaluationsmedium,2012,Text/Conference Paper,,1.0,1.0,1.0
QTImeets3D - e-Assessment im dreidimensionalen Raum,2012,Text/Conference Paper,,,1.0,1.0
RouteMe - Routing in Ad-hoc-Netzen als pervasives Lernspiel,2012,Text/Conference Paper,,1.0,1.0,
Reflexionsunterstützung in Verbindung mit immersiven 3D-Lernumgebungen,2012,Text/Conference Paper,,1.0,1.0,1.0
"Aktivierende Online-Lehre in der Mathematik mit Moodle, Clicker und LON-CAPA",2012,Text/Conference Paper,1.0,1.0,-1.0,1.0
Lernen mit Vorlesungsvideos in der umgedrehten Mathematikvorlesung,2012,Text/Conference Paper,1.0,1.0,-1.0,1.0
Das Potential von Tablets in der universitären Lehre,2012,Text/Conference Paper,1.0,1.0,-1.0,1.0
Automatische Kamerasteuerung bei Vortragsaufzeichnungen,2012,Text/Conference Paper,1.0,-1.0,1.0,
Einsatz einer mobilen Quiz-Applikation im Schulunterricht,2012,Text/Conference Paper,,1.0,1.0,-1.0
Situated Learning in Bankberatungen,2012,Text/Conference Paper,1.0,1.0,1.0,1.0
Rechnet sich Blended Learning an Hochschulen? Eine ökonomische Betrachtung von e-Learning Maßnahmen,2012,Text/Conference Paper,1.0,,-1.0,1.0
Forschendes Lernen mit Apps für Smartphones und Tablets - Studentische Forschungspartnerschaften im Lehramtsstudium Informatik/Mathematik,2012,Text/Conference Paper,,1.0,1.0,1.0
E-Learning-Modul on Integrated Water Resources Management: Konzepte und Werkzeuge für die Realisierung einer Hypervideo-basierten Lernumgebung,2012,Text/Conference Paper,1.0,,1.0,
Einsatz von und Probleme mit Portalsoftware am Beispiel einer universitären Lehr-Lernplattform,2012,Text/Conference Paper,1.0,,1.0,1.0
"“Eigentlich geht es mir gut"" Entwicklung eines Serious Game zur patientenzentrierten Gesprächsführung",2013,Text/Conference Paper,,1.0,1.0,-1.0
Prozessidentifikation in populären digitalen Spielen - Ergebnisse einer Befragung von Gamern,2013,Text/Conference Paper,,1.0,-1.0,1.0
Beobachtungen zur Motivation der Studierenden bei verschiedenen Frageformaten,2013,Text/Conference Paper,,1.0,-1.0,-1.0
In die e-Lernkarten geschaut - Eine Studie zur Akzeptanz und Nutzung,2013,Text/Conference Paper,1.0,1.0,,-1.0
Museumsführungen mit Mobilogue - einem Werkzeug zur Erstellung und Ausführung von mobilen Lernszenarien,2013,Text/Conference Paper,1.0,1.0,1.0,
GroupAL: ein Algorithmus zur Formation und Qualitätsbewertung von Lerngruppen in E-Learning-Szenarien mittels n-dimensionaler Gütekriterien,2013,Text/Conference Paper,1.0,1.0,1.0,-1.0
Peer Assessment und Peer Annotation mit Hilfe eines videobasierten CSCL-Skipts,2013,Text/Conference Paper,1.0,1.0,1.0,
Organization Culture Analytics auf Basis von eLearning-Systemen am Beispiel von Schulen,2013,Text/Conference Paper,1.0,-1.0,-1.0,1.0
Meet2Learn - Eine mobile Applikation zur Unterstützung von Lerngruppen,2013,Text/Conference Paper,1.0,1.0,1.0,
Implementierung und Evaluation eines QR-Code gestützten Umfrage-Tools für Präsenzveranstaltungen,2013,Text/Conference Paper,1.0,1.0,1.0,
Ansätze für eine informationelle Gewaltenteilung in Lernplattformen,2013,Text/Conference Paper,1.0,,-1.0,1.0
openHPI: Soziales und Praktisches Lernen im Kontext eines MOOC,2013,Text/Conference Paper,1.0,1.0,1.0,1.0
3D-Modell für e-Learning am Beispiel einer 1:1-Notebook Schule,2013,Text/Conference Paper,1.0,,-1.0,1.0
eledSQL - Entwicklung und Erprobung einer webbasierten Lernumgebung für Datenbanken und SQL,2013,Text/Conference Paper,1.0,1.0,1.0,-1.0
Bloggen in Großveranstaltungen - Mit Studierendenblogs erfolgreich Interaktion fördern,2013,Text/Conference Paper,1.0,1.0,1.0,1.0
Kollaboratives Planen und Lernen mit der web-basierten Lernplattform Metafora,2013,Text/Conference Paper,1.0,1.0,1.0,
"Entwicklung eines Autorenwerkzeuges für digitale, multimediale und interaktive Lernbausteine im Web 2.0",2013,Text/Conference Paper,1.0,1.0,1.0,
Tutonium - Interaktive Tutorials für Web-Anwendungen,2013,Text/Conference Paper,1.0,1.0,1.0,
Bewertung von kurzen Freitextantworten in automatischen Prüfungssystemen,2013,Text/Conference Paper,1.0,,1.0,-1.0
Evaluation automatisierter Programmbewertung bei der Vermittlung der Sprachen Java und SQL mit den Gradern „aSQLg“ und „Graja“ aus studentischer Perspektive,2013,Text/Conference Paper,1.0,1.0,1.0,-1.0
Context-aware question and answering for community-based learning,2013,Text/Conference Paper,1.0,,1.0,-1.0
Learning Analytics und Visualisierung mit dem LeMo-Tool,2013,Text/Conference Paper,1.0,1.0,1.0,-1.0
Success factors for technology mediated learning services - first results of a delphi study,2013,Text/Conference Paper,,1.0,-1.0,1.0
Expertenevaluierung durch die Methode des lauten Denkens am Beispiel eines Online- Lernspiels,2013,Text/Conference Paper,,-1.0,1.0,
Webinare als Kommunikations- und Kooperationswerkzeug im e-Learning - Erfahrungen aus der Q2P-Webinar-Reihe,2013,Text/Conference Paper,1.0,,-1.0,1.0
Auf den Spuren von Konrad Zuse - Ein ortsbezogenes Lern-Adventure,2013,Text/Conference Paper,,1.0,1.0,
Ein Framework für die Erstellung von Simulationen zur Verhaltenstherapie,2013,Text/Conference Paper,1.0,1.0,1.0,-1.0
Kompetenzorientiertes Prüfen mit virtueller Desktop-Infrastruktur und Safe Exam Browser,2013,Text/Conference Paper,1.0,,-1.0,1.0
Erfahrungen mit dem kooperativen E-Learning-Datenbankportal edb,2013,Text/Conference Paper,1.0,1.0,1.0,
Interaktives Projektrepository zur Unterstützung der Kollaboration in Präsenzumgebungen,2013,Text/Conference Paper,1.0,,1.0,-1.0
Usability-Testing mit Funktionalen AnalphabetInnen,2013,Text/Conference Paper,,1.0,1.0,-1.0
ARSnova: ein Audience Response System für Inverted-Classroom-Szenarien mit Unterstützung von Just-in-Time Teaching und Peer Instruction,2013,Text/Conference Paper,1.0,1.0,1.0,-1.0
Using data to improve programming instruction,2018,Text/Conference Paper,1.0,1.0,1.0,-1.0
Smart im Home lernen,2018,Text/Conference Paper,,1.0,1.0,1.0
Spielbasierte Förderung von Motivation und Aufmerksamkeit für sozioemotionales Training bei Autismus,2018,Text/Conference Paper,,1.0,1.0,
smile – Studierende als Multiplikatoren für innovative und digitale Lehre,2018,Text/Conference Paper,1.0,1.0,-1.0,1.0
Digitale Kompetenzen von Hochschullehrenden messen ,2018,Text/Conference Paper,,1.0,,1.0
Entwicklung einer effizienten Integrationslösung zur Bereitstellung von Vorlesungsfolien in hochschulischer Präsenzlehre,2018,Text/Conference Paper,1.0,,1.0,1.0
Restructuring Linear Discussions in Mind Maps by Crowdsourcing,2018,Text/Conference Paper,1.0,1.0,1.0,
Learning by Tagging – Supporting Constructive Learning in Video-Based Environments,2018,Text/Conference Paper,,1.0,1.0,1.0
Jeder bewertet jeden: Erfolgsquote einer Peer Assessment Methode in einem Serious Game zum Lernen ,2018,Text/Conference Paper,1.0,1.0,,
Bewertung von Naturgefahren mit Hilfe von Virtual Reality,2018,Text/Conference Paper,,,1.0,1.0
Gelingensbedingungen von Lehrer*innenfortbildung zum Einsatz digitaler Medien in der Schule,2018,Text/Conference Paper,1.0,1.0,-1.0,1.0
Motivationsdesign durch Verschränkung von Gamifikation und didaktischem Kontext,2018,Text/Conference Paper,,1.0,-1.0,1.0
Automatische Generierung von Aufgaben zum Codeverständnis,2018,Text/Conference Paper,,1.0,1.0,-1.0
Zur automatischen Erkennung von Fehlkonzepten bei Java-Einsteigern durch Analyse von Speicher-Protokollen,2018,Text/Conference Paper,,1.0,1.0,-1.0
Klausurprognose mit Hilfe von E-Assessment-Nutzerdaten,2018,Text/Conference Paper,,1.0,-1.0,1.0
Supporting Novice Researchers in Domain Familiarization – A Question-Guided Research Community Map Creation and Reflection Tool,2018,Text/Conference Paper,1.0,1.0,1.0,-1.0
Kollaborative Literaturreviews: Entwicklung eines Vorgehensmodells für die gemeinsame Erschließung von Wissensbasen in Lern- und Forschungsgruppen,2018,Text/Conference Paper,1.0,,1.0,1.0
Learning Analytics Bundle,2018,Text/Conference Paper,1.0,-1.0,1.0,
Lernstil-basierte Evaluation von Nutzungsverhalten der Lernplattform eines Blended Learning Kurses der RWTH Aachen,2018,Text/Conference Paper,,1.0,-1.0,1.0
Student Success Prediction and the Trade-Off between Big Data and Data Minimization,2018,Text/Conference Paper,,1.0,-1.0,1.0
Track every move of your students: log files for Learning Analytics from mobile screen recordings,2018,Text/Conference Paper,,1.0,1.0,
Schrittweise Hilfestellung bei der App-Installation für technikferne Erwachsene direkt am Gerät,2018,Text/Conference Paper,1.0,1.0,1.0,-1.0
Kleingruppenzuteilungs-App 2.0: Heuristische Optimierung der Tutorienplatzvergabe in Massenveranstaltungen,2018,Text/Conference Paper,1.0,,1.0,-1.0
Unterstützungspotenziale des Quantified-Self-Ansatzes im selbstregulierten personalisierten Lernen,2018,Text/Conference Paper,1.0,1.0,1.0,-1.0
Vergleich von Technologien zur Entwicklung barrierefreier mobiler Lernapplikationen,2019,Text/Conference Paper ,-1.0,1.0,-1.0,1.0
"Konzeption mobiler, inklusiver Aufgaben und Hilfetools in der Ausbildung der Bauindustrie",2019,Text/Conference Paper ,1.0,1.0,1.0,
"Was benötigen Hochschulen, um digitale Barrierefreiheit als Teilhabemöglichkeit umzusetzen?",2019,Text/Conference Paper ,1.0,,-1.0,1.0
Semantic Textual Similarity von textuellen Lernmaterialien und ihre Anwendungen,2019,Text/Conference Paper ,1.0,,1.0,-1.0
Themenübergreifende Diskursklassifikation auf Basis von Word Embeddings und Sequenzfeatures,2019,Text/Conference Paper ,1.0,1.0,1.0,-1.0
Stakeholder attitudes towards digitalization in higher education institutions,2019,Text/Conference Paper ,,1.0,-1.0,1.0
Effects of Digitalization on Vocational Education and Training: First Results of a Qualitative Study,2019,Text/Conference Paper ,1.0,1.0,-1.0,1.0
Weißt Du es oder rätst Du noch? - ARS mit Rückmeldungen zur Antwortzuversicht bei Lernfragen,2019,Text/Conference Paper ,1.0,1.0,1.0,1.0
Digitalisierungsprozesse an Hochschulen – der Blick der Akteur-Netzwerk-Theorie,2019,Text/Conference Paper ,1.0,-1.0,-1.0,1.0
Technische Aspekte der automatischen Aufgabengenerierung für Blended Learning Angebote in der Biologie,2019,Text/Conference Paper ,1.0,1.0,1.0,
Ein Format für Bewertungsvorschriften in automatisiert bewertbaren Programmieraufgaben,2019,Text/Conference Paper ,1.0,,1.0,
Automatische Aufgabengenerierung über Linked Open Data am Beispiel der Archäologie,2019,Text/Conference Paper ,1.0,-1.0,1.0,1.0
Digitalisiertes Feedback für verschiedene Frageformate von Online-Übungsaufgaben,2019,Text/Conference Paper ,1.0,1.0,,1.0
Entwicklung eines modernen Lehr- und Lernkonzepts für Maschinelles Lernen mit Infrastructure-as-a-Service und Cloud Computing,2019,Text/Conference Paper ,1.0,1.0,-1.0,1.0
Einsatz von Virtual Reality zum Aufbau von Klassenmanagement-Kompetenzen im Lehramtsstudium,2019,Text/Conference Paper ,,1.0,1.0,-1.0
Wirkung von interaktiven 3D-360°-Lernvideos in der praktischen Ausbildung von Handwerkern,2019,Text/Conference Paper ,,1.0,-1.0,1.0
"Virtual Reality as an E-Learning tool in the student-centered vehicle development project ""proTRon""",2019,Text/Conference Paper ,1.0,1.0,1.0,
Förderung der Lernmotivation durch adaptives E-Learning: Komparative Evaluation von Techniken zur adaptiven Nutzerführung,2019,Text/Conference Paper ,,1.0,1.0,-1.0
“What can I help you with today?” - Exploring Opportunities of Learner Modeling for Online Educational Portals,2019,Text/Conference Paper ,,1.0,-1.0,1.0
A mobile campus application as a sensor node for Personal Learning Environments,2019,Text/Conference Paper ,1.0,1.0,1.0,
Sensor Based Adaptive Learning - Lessons Learned,2019,Text/Conference Paper ,,1.0,1.0,-1.0
Code of Practice for Sensor-Based Learning,2019,Text/Conference Paper ,,1.0,1.0,-1.0
Simplifying license attribution for OER with emacs-reveal,2019,Text/Conference Paper ,1.0,-1.0,1.0,-1.0
Praktische Erfahrungen mit einem elektronischen Prüfungsprozess-Management für eAssessments,2019,Text/Conference Paper ,1.0,,-1.0,1.0
Predictive Algorithms in Learning Analytics and their Fairness,2019,Text/Conference Paper ,-1.0,1.0,-1.0,
Towards a Critical Design Agenda in Support of Collective Learning Ecologies,2019,Text/Conference Paper ,,,1.0,1.0
PLAY & CODE – Eine Serious Game basierte Lernplattform,2019,Text/Conference Paper ,,1.0,1.0,-1.0
Die Self-Determination Theory als Rahmen für Deep Gamification in didaktischen Kontexten,2019,Text/Conference Paper ,,1.0,-1.0,1.0
Interaktive Unterstützung bei der Begehung eines Kunstlehrpfads: Die WaldSkulpturenWeg-App,2019,Text/Conference Paper ,1.0,1.0,1.0,1.0
"How Are You, Chatbot? Evaluating Chatbots in Educational Settings – Results of a Literature Review",2019,Text/Conference Paper ,,1.0,-1.0,1.0
Leseflüssigkeitstraining mit Amazon Alexa,2019,Text/Conference Paper ,,1.0,1.0,1.0
Lehrfilme einfach einfach machen – erfolgreiche Konzeptionierung von Peer-to-Peer Lehrfilmen,2019,Text/Conference Paper ,1.0,1.0,-1.0,1.0
Evaluation einer Augmented-Reality-Anleitung für eine komplexe Montageaufgabe,2020,Text/Conference Paper,1.0,1.0,1.0,1.0
Potential vs. Practice: Challenges for the Implementation of Augmented Reality for Learning and Training in Practice,2020,Text/Conference Paper,,1.0,-1.0,1.0
LEAP: Learnings beim Einsatz von Augmented Reality in der praktischen Berufsausbildung,2020,Text/Conference Paper,1.0,1.0,-1.0,1.0
Comparing Virtual Reality and Screen-based Training Simulations in Terms of Learning and Recalling Declarative Knowledge,2020,Text/Conference Paper,,1.0,-1.0,1.0
Pre-Testing der Lerneffektivität von 2D-to-3D-Didactics in immersiven VR-Umgebungen,2020,Text/Conference Paper,,1.0,1.0,1.0
Demokratische Schule 360°: Potenziale Virtueller Realität für LehrerInnenbildung und Ethnografie,2020,Text/Conference Paper,,1.0,1.0,1.0
Virtual Reality in Health Care Education: A Study about the Effects of Presence on Acceptance and Knowledge Improvement among Health Care Students,2020,Text/Conference Paper,,1.0,1.0,
DigiCare - Intelligentes Tutoring für Gesundheitsmanagement,2020,Text/Conference Paper,,,1.0,-1.0
Touch-Aktionen beim digitalen Lernen: Steigerung der Performance des visuellen Gedächtnisses durch aktive Reizverarbeitung,2020,Text/Conference Paper,-1.0,1.0,-1.0,1.0
Project Heb@AR: Exploring handheld Augmented Reality training to supplement academic midwifery education,2020,Text/Conference Paper,,1.0,1.0,-1.0
Aufgaben mit automatischem Feedback zu chemischen Atom-Orbitalmodellen,2020,Text/Conference Paper,,1.0,1.0,-1.0
Usability design and evaluation for a formative assessment feedback,2020,Text/Conference Paper,,1.0,1.0,-1.0
Biblisches Hebräisch digital lehren und lernen: Praxiserfahrungen beim Aufbau eines Blended-Learning-Formats mit Moodle,2020,Text/Conference Paper,1.0,1.0,-1.0,1.0
Automatisierte Generierung von Automaten und automatenbasierten Aufgaben,2020,Text/Conference Paper,1.0,,1.0,-1.0
Self-Assessment mit High-Information Feedback,2020,Text/Conference Paper,1.0,1.0,1.0,1.0
Umsetzung digitaler Prüfungen mit bwLehrpool an der Universität Freiburg,2020,Text/Conference Paper,1.0,,-1.0,1.0
Eine Studie zur Qualitätsbeurteilung von automatisierten Testwerkzeugen zur Prüfung auf Barrierefreiheit ,2020,Text/Conference Paper,,-1.0,-1.0,1.0
Nutzerzentrierter Ansatz zur Behebung von digitalen Barrieren,2020,Text/Conference Paper,1.0,1.0,1.0,-1.0
Ermittlung von Usability-Kriterien für Jugendliche mit kognitiven Beeinträchtigungen im Bereich E-Learning,2020,Text/Conference Paper,,1.0,-1.0,1.0
Kompetenzmodellierung für die grundlegende Programmierausbildung - Eine kritische Diskussion zu Vorzügen und Anwendbarkeit der Anderson Krathwohl Taxonomie im Vergleich zum Kompetenzmodell der GI,2020,Text/Conference Paper,-1.0,1.0,-1.0,-1.0
Erwerb von Digitalen Kompetenzen für die Lebens- und Arbeitswelt,2020,Text/Conference Paper,1.0,1.0,-1.0,1.0
Medienkompetenz fördern und Medieneinsatz befördern – Didaktische Überlegungen bei der Entwicklung einer mobilen Anwendung für das betriebliche Ausbildungspersonal in KKUs,2020,Text/Conference Paper,1.0,1.0,1.0,
Objektorientierte Programmierung - Kompetenzerwerb im Mastery Model des Inverted Classroom,2020,Text/Conference Paper,1.0,1.0,-1.0,1.0
"A Decision Tree Approach for the Classification of Mistakes of Students Learning SQL, a case study about SELECT statements",2020,Text/Conference Paper,,1.0,1.0,-1.0
Taking benefit from fellow students code without copying off -- making better use of students collective work,2020,Text/Conference Paper,1.0,1.0,1.0,-1.0
Maßnahmen zur Verbesserung der Effektivität von Blended Learning bei Datenbank-Vorlesungen,2020,Text/Conference Paper,1.0,1.0,-1.0,1.0
VITMaze – Die Java Coding-Challenge für Verwaltungsinformatiker,2020,Text/Conference Paper,1.0,1.0,1.0,
Digitale Arbeitsblätter mit interaktiven Programmieraufgaben im Informatik-Unterricht,2020,Text/Conference Paper,1.0,1.0,1.0,1.0
Das PECC-Framework: Gender-Sensibilität und spielerische Programmierung in der informatischen Grundbildung,2020,Text/Conference Paper,,1.0,,1.0
Programmier-Praktikum für Erstsemester – Erfahrungen aus mehreren Iterationen ,2020,Text/Conference Paper,1.0,1.0,1.0,-1.0
Automatic Feedback for Open Writing Tasks: Is this text appropriate for this lecture?,2020,Text/Conference Paper,1.0,1.0,1.0,-1.0
Educational Text Summarizer: Which sentences are worth asking for?,2020,Text/Conference Paper,1.0,1.0,-1.0,
Is the context-based Word2Vec representation useful to determine Question Words for Generators?,2020,Text/Conference Paper,,-1.0,1.0,-1.0
Was bedeutet „Digitaler Unterricht“?,2020,Text/Conference Paper,,1.0,1.0,1.0
Mobile First: Trends in Virtual Learning Environments,2020,Text/Conference Paper,,1.0,-1.0,1.0
Digitalisierung von Analyse- und Auswertungsstrukturen im Kontext schulischer Wettbewerbsszenarien,2020,Text/Conference Paper,1.0,1.0,1.0,
Fertigkeiten erkennen und Interesse für Informatik wecken: Der Informatiktest von MINTFIT Hamburg ,2020,Text/Conference Paper,1.0,1.0,1.0,
FL-Trail: Gruppenbasiertes forschendes Lernen digital unterstützen,2020,Text/Conference Paper,1.0,,1.0,
Eine forschungspraktische Perspektive auf xAPI-Registries,2020,Text/Conference Paper,,-1.0,-1.0,1.0
Nutzung von GitHub für Open Educational Resources,2020,Text/Conference Paper,1.0,-1.0,-1.0,1.0
Corona-Pandemie als Treiber digitaler Hochschullehre,2020,Text/Conference Paper,1.0,,-1.0,1.0
Social Virtual Reality als Medium für wissenschaftliche Online-Tagungen?,2021,Text/Conference Paper,1.0,1.0,-1.0,1.0
Hololingo! - A Game-Based Social Virtual Reality Application for Foreign Language Tandem Learning,2021,Text/Conference Paper,,1.0,1.0,
Development and evaluation of the students’ peer support web application “uniMatchUp!”,2021,Text/Conference Paper,1.0,1.0,1.0,-1.0
Vom Remote zum immersiven VR-Lab am Beispiel der industriellen Steuerungstechnik,2021,Text/Conference Paper,,1.0,1.0,
Evaluierung einer VR-Lackierwerkstatt im agilen Projektvorgehen,2021,Text/Conference Paper,,1.0,1.0,1.0
 Eine Kategorisierung und Katalogisierung von AR & VR Projekten für die (Hoch-) Schullehre,2021,Text/Conference Paper,1.0,,-1.0,1.0
360-Grad- und Virtual Reality-Anwendungen im Fremdsprachenunterricht: Praxiserfahrungen aus einem multimodalen Masterseminar im hybriden Lehrformat (Fremdsprachendidaktik Französisch/Spanisch),2021,Text/Conference Paper,,1.0,-1.0,1.0
Development of the InteractionSuitcase in virtual reality to support inter- and transcultural learning processes in English as Foreign Language education,2021,Text/Conference Paper,,1.0,1.0,1.0
Accuracy of self-assessments in higher education,2021,Text/Conference Paper,,1.0,1.0,1.0
Development of a Digital Goal Setting Companion for Higher Education,2021,Text/Conference Paper,1.0,1.0,1.0,-1.0
The Impact of Guidance and Feedback in Game-Based Computational Thinking Environments,2021,Text/Conference Paper,,1.0,1.0,-1.0
Die kompetenzorientierte Studienplanung - Entwicklung eines Tools zur Unterstützung von (Lehramts-)Studierenden,2021,Text/Conference Paper,1.0,1.0,1.0,-1.0
ATLAS – Ambient Teacher-Learner Awareness Solution: Ein ambient Design zur niederschwelligen Bereitstellung wissensbezogener Studierenden-Informationen in der digitalen Lehre,2021,Text/Conference Paper,1.0,1.0,1.0,
Spielerische Sensibilisierung durch Erfahrbarkeit von Beeinträchtigungen: Das Serious Game „Lolas erstes Semester“,2021,Text/Conference Paper,,1.0,1.0,
Inklusives und handlungsorientiertes Lernen mithilfe Digitaler Gamebooks,2021,Text/Conference Paper,1.0,1.0,1.0,-1.0
Serious Games zur Berufsorientierung in digitale Arbeitswelten,2021,Text/Conference Paper,,1.0,1.0,
Konzeption und Entwicklung eines interaktiven E-Mail-Interface für Anti-Phishing Lernspiele,2021,Text/Conference Paper,,1.0,1.0,-1.0
Get your back straight! Learn Pilates with the Pilates Correction App,2021,Text/Conference Paper,,1.0,1.0,-1.0
 Infrastrukturen für Learning Analytics in medien- und projektübergreifenden Lernszenarien,2021,Text/Conference Paper,1.0,,1.0,1.0
"Entwicklung und Einführung eines Studierenden-Dashboards an der TU Graz. Co-Design mit Studierenden, Visualisierungsdetails und Rückmeldungen.",2021,Text/Conference Paper,1.0,1.0,1.0,1.0
The relation of convergent thinking and trace data in an online course,2021,Text/Conference Paper,,1.0,-1.0,1.0
Supporting Learning Analytics in Educational Games in consideration of Qualifications-Based Learning,2021,Text/Conference Paper,,1.0,1.0,1.0
Minimal-invasive Messung lernrelevanter Parameter für den Einsatz im Game-based Learning,2021,Text/Conference Paper,-1.0,1.0,1.0,
InfoBiTS: Auswirkungen auf die Kontrollüberzeugung im Umgang mit Technik,2021,Text/Conference Paper,,1.0,,
Container-based Dynamic Infrastructure for Education On-Demand,2021,Text/Conference Paper,1.0,,1.0,
FutureSkills: Die Plattform für alle staatlichen Hochschulen in Schleswig-Holstein,2021,Text/Conference Paper,1.0,,1.0,1.0
Developing a Web-based Training Platform for IT Security Education,2021,Text/Conference Paper,1.0,1.0,1.0,-1.0
The Design Cycle for Education (DC4E),2021,Text/Conference Paper,1.0,,1.0,
Innovationsschub für die Digitalisierung in der Ausbildungspraxis - Lockdown-Erfahrungen von Lehrenden und Ausbildenden,2021,Text/Conference Paper,1.0,,-1.0,1.0
Herausforderungen bei der Integration von Teamarbeit in die Lehre am Beispiel einer Lehrveranstaltung aus der Informatik,2021,Text/Conference Paper,,1.0,-1.0,1.0
Proctoring und digitale Prüfungen - Durchführungsbeispiele und Gestaltungselemente für die digitale Lehre,2021,Text/Conference Paper,1.0,,-1.0,1.0
Warum Onlinelehre sowie Open-Books-Klausuren und das Fach Informatik zusammenpassen,2021,Text/Conference Paper,1.0,1.0,-1.0,1.0
Creation and Utilisation of Domain Specific Knowledge Graphs (DSKG) for E-Learning,2021,Text/Conference Paper,1.0,,1.0,
"""LinkingKnowledge"" - ein didaktisches Gestaltungskonzept zur Integration computerlinguistisch generierter Wissensnetze",2021,Text/Conference Paper,1.0,1.0,,1.0
A Neural Natural Language Processing System for Educational Resource Knowledge Domain Classification,2021,Text/Conference Paper,,-1.0,1.0,-1.0
Vom Blended Learning zum Full Online – so einfach geht es nicht – Praxiserfahrungen zum Einsatz von Lehrfilmen,2021,Text/Conference Paper,1.0,1.0,-1.0,1.0
Digital4Humanities - Modulare Selbstlernangebote zur Vermittlung von digitalen Forschungsmethoden in existierenden Kursangeboten der Geisteswissenschaften,2021,Text/Conference Paper,1.0,1.0,,1.0
Physikgrundlagen digital - reloaded in der Online Lehre 2020/2021,2021,Text/Conference Paper,1.0,1.0,,1.0
Distanzlehre und die Einstellungen zukünftiger Lehrer*innen zu Digitalisierung,2021,Text/Conference Paper,,1.0,-1.0,1.0
 When Lecturers have a Choice: Covid-19 Teaching Format Preferences in a Large-Scale Course of Freshmen Students in Switzerland,2021,Text/Conference Paper,1.0,,-1.0,1.0
Digitale Bildung in verschiedenen Phasen der Aus- und Weiterbildung von Lehrkräften,2021,Text/Conference Paper,1.0,1.0,-1.0,1.0
Jenseits des eigenen Klassenzimmers: Perspektiven & Weiterentwicklungen des VR-Classrooms.,2021,Text/Conference Paper,1.0,1.0,1.0,
 munter: Ein mobiles unterrichtsbegleitendes Unterstützungssystems für angehende Lehrpersonen,2021,Text/Conference Paper,1.0,-1.0,1.0,-1.0
Wer ist GeRRI? Eine kritische Diskussion des Gemeinsamen Referenzrahmens Informatik,2021,Text/Conference Paper,-1.0,,-1.0,-1.0
Interaction of reading and assessment behavior,2022,Text/Conference Paper,,1.0,-1.0,1.0
Einsatz einer webbasierten Softwarelösung zur Echtzeitkollaboration in technisch-orientierten Studienfächern,2022,Text/Conference Paper,1.0,1.0,-1.0,1.0
Zum Einfluss von Adaptivität auf die Interaktion mit Bildungstechnologien,2022,Text/Conference Paper,,1.0,1.0,1.0
Re-thinking Transformer based educational resource recommendation engines for higher education,2022,Text/Conference Paper,,-1.0,1.0,-1.0
Mapping course text to hyperaudio,2022,Text/Conference Paper,1.0,1.0,1.0,
Do you trust the Bot? – Entwicklung und Evaluation eines Conversational Agents zur Klassifikation von Lernstilen,2022,Text/Conference Paper,,1.0,1.0,
Analyse des persönlichen Burnout-Niveaus von Studierenden während des digitalen Semesters,2022,Text/Conference Paper,,1.0,-1.0,1.0
Inside the Router: An interactive VR learning application to practice routing and network address translation,2022,Text/Conference Paper,,1.0,1.0,-1.0
Informatikstudierende als Teamplayer. Wie die Integration von Teamarbeit in die Lehre gelingen kann,2022,Text/Conference Paper,1.0,1.0,-1.0,1.0
Organisation von Gitlab-Projekten zur optimierten Betreuung von Programmierpraktika in der Online- und Hybrid-Lehre,2022,Text/Conference Paper,1.0,,1.0,
Lernende an die Kryptologie heranführen: digital und haptisch zugleich – Praxisbericht über den Online-Adventskalender „Krypto im Advent“,2022,Text/Conference Paper,,1.0,,1.0
Lessons Learned in Transferring a Lecture on Virtual Reality into Immersive Virtual Reality,2022,Text/Conference Paper,1.0,1.0,1.0,
Die Sanierung einer denkmalgeschützten Villa als Berufsbildungsprojekt im Rahmen einer virtuellen Lernumgebung,2022,Text/Conference Paper,1.0,1.0,1.0,1.0
Erstellung und Einsatz von 360-Grad-Medien in der Lehre – leicht gemacht,2022,Text/Conference Paper,1.0,,-1.0,1.0
Data Leakage Through Click Data in Virtual Learning Environments,2022,Text/Conference Paper,,1.0,-1.0,1.0
Generation of Multiple True False Questions,2022,Text/Conference Paper,,1.0,1.0,-1.0
Findoo – Interoperable E-Learning Semantic Search and Content Authoring Assistance,2022,Text/Conference Paper,1.0,,1.0,
Performantes xAPI Logging in Moodle,2022,Text/Conference Paper,1.0,,1.0,1.0
Strukturierte Erfassung von individuellem Verhalten in Gruppensituationen mit xAPI,2022,Text/Conference Paper,1.0,,1.0,
Das VR-Labor-Klassenzimmer zur Professionalisierung von Lehramtsstudierenden der Chemie,2022,Text/Conference Paper,,1.0,1.0,
Interaktive Landkarten als ein Lernwerkzeug zur ethischen Exploration und Reflexion in Konstruktionsprozessen,2022,Text/Conference Paper,,,1.0,-1.0
LIVE-Interaktion statt Videomaterial bei der Sensibilisierung für Inklusion und Computerzugänglichkeit!,2022,Text/Conference Paper,,1.0,-1.0,1.0
Effektivität des Einsatzes von Virtual Reality & Augmented Reality im Geometrieunterricht,2022,Text/Conference Paper,-1.0,1.0,-1.0,1.0
On the Lack of Recognition of Software Artifacts and IT Infrastructure in Educational Technology Research,2022,Text/Conference Paper,,-1.0,1.0,-1.0
Automatic feedback and hints on steps students take when learning how to program,2023,Text/Conference Abstract,,1.0,-1.0,1.0
Help me to help myself: Eine Feldstudie zur Wirksamkeit einer datenbasierten Unterstützung von Selbstregulationskompetenzen in digital gestützten Lernsettings,2023,Text/Conference Paper,,1.0,-1.0,1.0
Mitigating Biases using an Additive Grade Point Model: Towards Trustworthy Curriculum Analytics Measures,2023,Text/Conference Paper,,1.0,1.0,-1.0
"Depreciating the online experience: Relative evaluation of social presence in online, hybrid, and offline course environments",2023,Text/Conference Paper,,1.0,-1.0,1.0
Auto-generated language learning online courses using generative AI models like ChatGPT,2023,Text/Conference Paper,1.0,1.0,1.0,1.0
Online Exams in the Era of ChatGPT,2023,Text/Conference Paper,,1.0,-1.0,1.0
Kopplung von Jupyter Notebooks mit externen E-Assessment-Systemen am Beispiel des Data Management Testers,2023,Text/Conference Paper,1.0,,1.0,1.0
AxEL - Eine modulare Softwarekomponente für ein dediziertes E-Prüfungssystem zur Generierung von xAPI Statements für Assessment Analytics,2023,Text/Conference Paper,1.0,,1.0,
Automatisierte Bewertung und Feedback-Generierung für grafische Modellierungen und Diagramme mit FeeDI,2023,Text/Conference Paper,1.0,,1.0,-1.0
Investigating Feedback Types in JupyterLab for Programming Novices,2023,Text/Conference Paper,,1.0,-1.0,1.0
Now you (don’t) see me – Camera use in online course settings,2023,Text/Conference Paper,,1.0,-1.0,1.0
Shared listening experience for hyperaudio textbooks,2023,Text/Conference Paper,,,1.0,
Interaktive Kollaborationswerkzeuge und integrative Clouddienste: Erfahrungen zum Einsatz von Microsoft 365 in der Hochschullehre,2023,Text/Conference Paper,1.0,1.0,-1.0,1.0
Die Entwicklung eines digitalen Praktikums der Cybersicherheit im Bereich „Smart Home“,2023,Text/Conference Paper,1.0,1.0,1.0,-1.0
Metadata Standards in National Education Infrastructure: Development of Evaluation Criteria and Their Exemplary Application,2023,Text/Conference Paper,1.0,-1.0,-1.0,1.0
Breaking It Down: On the Presentation of Fine-Grained Learning Objects in Virtual Learning Environments,2023,Text/Conference Paper,1.0,,1.0,
Zukunftsfähige Bildungsplattformen – Monitoring technischer Plattformdimensionen anhand einer multidimensionalen Analysematrix,2023,Text/Conference Paper,1.0,-1.0,1.0,
Umgang der DELFI-Community mit Forschungsdaten und Softwareartefakten - Eine Erhebung auf Basis der Tagungsbände im Zeitraum 2018-2022,2023,Text/Conference Paper,-1.0,-1.0,-1.0,-1.0
Einführungskriterien für Chatbots in der Kommunikation und der Lehre an Hochschulen,2023,Text/Conference Paper,1.0,,-1.0,1.0
Designing Pedagogical Conversational Agents in Virtual Worlds,2023,Text/Conference Paper,,1.0,1.0,
“Don’t drop the plane to fly the mic!” – Designing for Modern Radiotelephony Education in General Aviation,2023,Text/Conference Paper,,,1.0,1.0
The tension between abstract and realistic visualization in VR learning applications for the classroom,2023,Text/Conference Paper,,1.0,1.0,-1.0
"Virtual Reality, Eye Tracking and Machine Learning: Analysis of Learning Outcomes in Off-the-Shelve VR-Software",2023,Text/Conference Paper,-1.0,1.0,1.0,1.0
Automated alerts to avoid unfavourable interaction patterns in collaborative learning: Which design do students prefer?,2023,Text/Conference Paper,1.0,1.0,,1.0
Anwendung von Process Mining zur kontinuierlichen Lernpfadidentifikation in Lernmanagementsystemen,2023,Text/Conference Paper,1.0,,1.0,1.0
Energy Consumption of AI in Education: A Case Study,2023,Text/Conference Paper,,,-1.0,1.0
Supporting Individualized Study Paths Using an Interactive Study Planning Tool,2023,Text/Conference Paper,1.0,1.0,1.0,-1.0
Towards a Creativity Support Tool for Facilitating Students’ Creative Thinking on Writing Tasks,2023,Text/Conference Paper,,1.0,1.0,-1.0
Mitigating Educational Challenges Through Unlearning,2023,Text/Conference Paper,,,-1.0,1.0
The interplay between rich and big data in programming education research,2024,Text/Keynote abstract,-1.0,1.0,-1.0,
(Re)-Using the Data: Address Challenges in Research Data via FAIR and APIs,2024,Text/Keynote abstract,1.0,-1.0,,
Towards Nonverbal Communication in Multi-User Virtual Reality Learning Environments: A Systematic Review,2024,Text/Conference paper,,1.0,-1.0,1.0
Unterstützung einer komplexen Montageaufgabe durch eine Augmented-Reality-Anleitung mit Durchsichtdatenbrille,2024,Text/Conference paper,1.0,1.0,1.0,
Analyzing Chat Protocols of Novice Programmers Solving Introductory Programming Tasks with ChatGPT,2024,Text/Conference paper,,1.0,-1.0,1.0
Informiertes Zustimmungsmanagement für Learning Analytics in Lernmanagementsystemen,2024,Text/Conference paper,1.0,1.0,1.0,1.0
Evaluating Task-Level Struggle Detection Methods in Intelligent Tutoring Systems for Programming,2024,Text/Conference paper,,1.0,1.0,1.0
Problem-Specific Visual Feedback in Discrete Modelling,2024,Text/Conference paper,,1.0,1.0,-1.0
Beyond Realism: Rethinking Presence in Virtual Environments for Abstract Concept Learning,2024,Text/Conference paper,-1.0,1.0,1.0,1.0
Entwicklung und Evaluation einer KI-Assistenz zur didaktisch-pädagogischen Unterstützung des Lernprozesses mit Programmieraufgaben,2024,Text/Conference paper,,1.0,1.0,
A Multidisciplinary Approach to AI-based self-motivated Learning and Teaching with Large Language Models,2024,Text/Conference paper,1.0,1.0,1.0,
Evaluation von LLM- und Intent-basierten Ansätzen zur Umsetzung eines Chatbots für die Unterstützung bei der Studienorganisation,2024,Text/Conference paper,1.0,,1.0,1.0
ChatGPT erzähl mir eine Geschichte: Die Verwandlung von Lernwelten durch KI-gestützte Erzählungen,2024,Text/Conference paper,1.0,1.0,-1.0,1.0
A project-based AI and Data Education Concept for STEM Teacher Education in Teaching-Learning-Labs,2024,Text/Conference paper,,1.0,,1.0
Generative KI zur Lernenbegleitung in den Bildungswissenschaften: Implementierung eines LLM-basierten Chatbots im Lehramtsstudium,2024,Text/Conference paper,1.0,1.0,1.0,
Enhanced Program Comprehension: Individualized Learning of Code Tracing with the Feedback Buddy,2024,Text/Conference paper,,1.0,1.0,-1.0
Entwicklung Medien(fach)didaktischer Kompetenzen bei Lehramtstudierenden auf Basis curricular verankerter Medienprojekte,2024,Text/Conference paper,1.0,,-1.0,1.0
Phasen der Problemlösekompetenz bei der Korrektur elektrischer Schaltkreise in einer VR-Lernumgebung,2024,Text/Conference paper,,1.0,1.0,
Virtual Reality in der technischen Berufsbildung: Ein praxisorientierter Ansatz zur Konzeption immersiver Lernszenarien,2024,Text/Conference paper,,1.0,1.0,1.0
Virtual Reality zur Professionalisierung von Sportlehrkräften,2024,Text/Conference paper,,1.0,1.0,
Immersive 360° Laborreise für Schüler*innen,2024,Text/Conference paper,,1.0,1.0,1.0
Towards Open Science at the DELFI Conference,2024,Text/Conference paper,,-1.0,-1.0,1.0
FAIR Learning Technologies with Web Components and Packages,2024,Text/Conference paper,,-1.0,1.0,1.0
Implementation of flexible and open course material for computer programming courses,2024,Text/Conference paper,1.0,,1.0,1.0
From Receiving to Characterizing: Improving Training Strategies for Research Data/Software Management by another domain!,2024,Text/Position paper,,1.0,-1.0,-1.0
Immersive Räume zur Kreativitätsunterstützung: Ein intelligenter Lehr- und Lernraum,2024,Text/Conference paper,1.0,1.0,1.0,
360°-Perspektiven: von der physischen zur virtuellen Ausstellung im Hochschulkontext,2024,Text/Conference paper,,1.0,,1.0
Konzeption eines adaptiven Systems für Augmented Reality Lehr-Lernsysteme mit individuellen Lernszenarien,2024,Text/Conference paper,,1.0,1.0,
Schleif-R: Handwerkliches Schleifen in VR,2024,Text/Conference paper,,1.0,1.0,
Automatische Generierung von Aufgaben für die konzeptuelle Modellierung,2024,Text/Conference paper,1.0,,1.0,-1.0
KI-basierte Analyse von E-Portfolios,2024,Text/Conference paper,1.0,,1.0,
Learning Experience durch Content Curation und KI-basierte Lernempfehlungen,2024,Text/Conference paper,1.0,1.0,1.0,1.0
Term Extraction for Domain Modeling,2024,Text/Conference paper,,-1.0,,1.0
Supporting Constructive Alignment: Visualization of the Alignment of Teaching Goals and Developed Assignments,2024,Text/Conference paper,1.0,,1.0,-1.0
"Design, Realisierung und Evaluation von Scaffolds zur Unterstützung von Lernprozessen im Hochschulkontext",2024,Text/Conference paper,1.0,1.0,1.0,-1.0
"Challenges of Computer Science Tutors in Their Teaching:
How can Educational Technology help?",2024,Text/Conference paper,1.0,,-1.0,1.0
"Entwicklung, Evaluation und Distribution einer Selbstlernakademie zum Thema IT-Sicherheit",2024,Text/Conference paper,,1.0,1.0,1.0
Design und Implementierung einer interaktiven Lernumgebung im Bereich der IT-Sicherheit,2024,Text/Conference paper,,1.0,1.0,-1.0
A novel project assignment fostering self-competence and reflection using robotics for first-year CS students ,2024,Text/Conference paper,,1.0,-1.0,1.0
Correlation of Error Metrics in Python CS1 Courses,2024,Text/Conference paper,,1.0,,-1.0
Hackathon als Pflichtmodul im ersten Semester - Eine Fallstudie,2024,Text/Conference paper,1.0,1.0,-1.0,1.0
Enhancing Parallel Programming Education with High-Performance Clusters Utilizing Performance Analysis,2024,Text/Conference paper,1.0,1.0,1.0,-1.0
KI-basierte Unterstützung zum Abbau sprachlicher Barrieren für Kinder mit nichtdeutscher Herkunftssprache,2024,Text/Conference poster,,1.0,-1.0,1.0
Forschungsdaten in der Bildungstechnologie: Worüber sprechen wir und was ist wann relevant?,2024,Text/Conference poster,,,,1.0
Towards Computer-Aided Teaching of Reductions in Theoretical Computer Science,2024,Text/Conference poster,1.0,1.0,1.0,-1.0
Relation between struggle and learning personality in programming exercises,2024,Text/Conference poster,,1.0,-1.0,1.0
Neugestaltung eines Mixed Reality Prototypen für das SchülerlARbor Chemie,2024,Text/Conference demo,,1.0,1.0,
Web-based prototype of a visual and interactive deep learning simulation,2024,Text/Conference demo,,,1.0,-1.0
Paare finden: Ein konfigurierbares Lernspiel mit Analyse-Dashboard,2024,Text/Conference demo,,1.0,1.0,-1.0
Sicherer Einsatz von xAI in der Bildung: Erkennung von LLM-Halluzinationen bei der Generierung von Lehr- und Lernmaterialien,2024,Text/Conference demo,1.0,,1.0,
easyProtocol: Ein digitales Unterstützungstool für mündliche Prüfungen,2024,Text/Conference demo,1.0,-1.0,1.0,-1.0
Augmented Reality an der Schnittstelle von Hochschuldidaktik und Technologie: Integration von realen Objekten für medialgestütztes Lernen,2024,Text/Conference demo,1.0,1.0,1.0,
BuddyAnalytics: A dashboard and reporting tool for study program analysis and student cohort monitoring,2024,Text/Conference demo,1.0,,1.0,-1.0
19squared - Interaktive XR-Inhalte gemeinsam selbst erstellen,2024,Text/Conference demo,1.0,,1.0,
Produktionstechnisches Vorgehen und Demonstration der Erstellung einer Selbstlernakademie für IT-Sicherheit,2024,Text/Conference demo,1.0,,1.0,1.0
Enhancing Geographical Learning Through GeoVR: Immersive Exploration and Topographic Analysis Educational Application,2024,Text/Conference demo,,1.0,1.0,-1.0
Adaptive Learning Systems in Programming Education: A Prototype for Enhanced Formative Feedback,2024,Complete Volume,,1.0,1.0,-1.0
Aligning Teaching Objectives with Formative Assessment to Uncover Student Learning Challenges,2025,Text/Conference Paper,1.0,1.0,1.0,1.0
Prior virtual reality experience and its determinants in educational settings – Insights from secondary data analysis of three previous studies from 2021 to 2025,2025,Text/Conference Paper,,1.0,-1.0,1.0
GenAI-Chatbots as Debriefers: Investigating the Role Conformity and Learner Interaction in Counseling Training,2025,Text/Conference Paper,1.0,1.0,,1.0
Integration realer Werkzeuge in eine VR-Trainingssoftware für komplexe manuelle Montageprozesse – Vergleichsstudie mit und ohne Haptik,2025,Text/Conference Paper,,1.0,1.0,1.0
Empowering Tutors with Digital Weekly Student Survey Results,2025,Text/Conference Paper,1.0,,-1.0,1.0
"Assessing GPT-4’s Reliability for Japanese Kanji Instruction: Accuracy, Prompt Control, and Contextual Sentences",2025,Text/Conference Paper,,1.0,1.0,1.0
Developing a Graph-based Visualization of Elective Courses to Support Course Selection in Higher Education,2025,Text/Conference Paper,1.0,1.0,1.0,-1.0
Adding the Human Error: Exploring the Impact of GenAI on Student Writing in Information Systems,2025,Text/Conference Paper,,1.0,-1.0,1.0
Smart Start: A Critical Analysis of Chatbots as Tools to Support Study Orientation,2025,Text/Conference Paper,,1.0,1.0,-1.0
Immersive Virtual Reality Training for Service Personnel in the Power Distribution Grid with Adaptable Training Environments,2025,Text/Conference Paper,,1.0,1.0,-1.0
Didaktische Konzepte fürs Onboarding und Tutorials in VR-Lernanwendungen,2025,Text/Conference Paper,,1.0,1.0,1.0
"Entwicklung eines Lehrkräfte-Dashboards für ein sicheres und schulgerechtes soziales Netzwerk – Ein partizipativer, nutzungsorientierter Entwicklungsprozess",2025,Text/Conference Paper,1.0,,1.0,
"Evaluierung einer gamifizierten Lern-App: Usability, User Experience und Lerneffekt in der Hochschulbildung",2025,Text/Conference Paper,,1.0,,-1.0
Fostering Structured Problem Solving in Machine Learning through Collaborative Gameplay,2025,Text/Conference Paper,,1.0,1.0,-1.0
Examiner Perspectives on Assessment Analytics as a Foundation for Developing Quality Assurance Tools in Higher Education,2025,Text/Conference Paper,1.0,,1.0,1.0
A Publication Framework for Research Data in the EdTec Community,2025,Text/Conference Paper,,-1.0,-1.0,-1.0
Nutzungserfahrungen und partizipative Entwicklung eines Scaffolding-Frameworks zur Unterstützung von Lernprozessen,2025,Text/Conference Paper,1.0,1.0,1.0,-1.0
Auf dem Weg zur Umsetzung der Open Educational Resources Strategie (OER-Strategie) – von OER zu einem OEP-förderlichen digitalen Ökosystem,2025,Text/Conference Paper,1.0,,-1.0,1.0
Ein Data Warehouse für die Zusammenführung von Hochschuldaten,2025,Text/Conference Paper,1.0,-1.0,1.0,
Synergising Human Expertise and Generative Artificial Intelligence for Curriculum Design,2025,Text/Conference Poster,1.0,1.0,1.0,1.0
FAIR4EDTECH: Towards an Artifact Evaluation Track,2025,Text/Conference Poster,,-1.0,1.0,-1.0
"Prompt Engineering or Creating Custom GPTs, or both? – Exploring interventions to support students in developing AI literacy skills",2025,Text/Conference Poster,,1.0,-1.0,1.0
Server or Cloud? Who needs it! Peer-to-Peer Remote Labs with edrys-Lite. – Modular & Reconfigurable & Reusable & Browser-Based Real-Time Experiments,2025,Text/Conference Poster,1.0,,1.0,-1.0
Virtual Reality in Speech Therapy Education – A new approach to teach the Flexible Endoscopic Evaluation of Swallowing (FEES),2025,Text/Conference Poster,,1.0,1.0,
Enhancing Vocational Education through AI-driven Learning and Competence Assessment: The DiAgnostiK Project,2025,Text/Conference Poster,1.0,1.0,1.0,1.0
Lernendenzentriertes Onboarding in RSE: Ein Forschungsdesign zur Persona-Entwicklung,2025,Text/Conference Poster,,1.0,,-1.0
Design of Interactive Learning Materials with H5P – Challenges in Applying Principles of Multimedia Design,2025,Text/Conference Poster,,-1.0,-1.0,1.0
On AI Generated Reductions from Natural Language Descriptions,2025,Text/Conference Poster,,1.0,-1.0,1.0
Nutzung von Fremdkonzepten in der hochschuldidaktischen Praxis – Mehrwerte und Fallstricke – Eine explorative Studie zur Transfer- und Praxistauglichkeit von als Open Educational Resources dokumentierten hochschuldidaktischen Konzepten,2025,Text/Conference Poster,1.0,-1.0,-1.0,1.0
Stimulating Reflection on Code Quality: An Adaptive and Automated Question Generation Approach for Student Code,2025,Text/Conference Poster,,1.0,1.0,-1.0
Supporting Program Comprehension with Digital Learning Journals: Experiences from a Course with Non-CS Students,2025,Text/Conference Poster,1.0,1.0,-1.0,1.0
Gemeinsames Arbeiten mit digitalen Technologien: Positive Effekte auf intrinsische Motivation und selbsteingeschätzte digitale Kompetenzen bei Lernenden in der dualen Berufsausbildung – Auswertung einer Online-Befragung von Auszubildenden im Bereich der Kfz-Mechatronik mit einem Strukturgleichungsmodell,2025,Text/Conference Poster,-1.0,1.0,-1.0,1.0
ViPATalk meets AI: Advancing Multimodal Virtual Anamnesis Simulation using LLM Fine-tuning,2025,Text/Conference Poster,,1.0,1.0,-1.0
Vergleich von Stresssituationen im simulierten Schulunterricht durch Biofeedback,2025,Text/Conference Poster,1.0,1.0,1.0,1.0
"Woran denken Sie, wenn Sie ‚Informatik‘ hören? – Können Wortassoziationen einen Einblick in die motivationale Haltung von Studierenden geben, und sind Large Language Models für die Auswertung geeignet?",2025,Text/Conference Poster,,1.0,-1.0,1.0
Modulares Open-Source-Framework für inklusive Multi-User-VR-Lehr-Lernanwendungen,2025,Text/Conference Poster,,-1.0,1.0,
Digital gestützte Interventionsentwicklung für Studierende mit Lernproblemen,2025,Text/Conference Poster,,1.0,1.0,-1.0
Generative KI in Bildungskontexten: Eine Analyse auftretender Diskriminierung und ihrer Implikationen am Beispiel von ChatGPT,2025,Text/Conference Poster,,1.0,-1.0,1.0
RDMC: A Tool to Support Authors in Preparing Artifacts for Evaluation,2025,Text/Conference Demo,1.0,-1.0,1.0,-1.0
Pack-a-Capsule – Extending a VR Serious Game on Network Communications to Enable Collaborative Gameplay,2025,Text/Conference Demo,,1.0,1.0,
Hochschulübergreifende Kooperation am Beispiel der Mathematikkurse OMB+ und HM4MINT,2025,Text/Conference Demo,1.0,1.0,-1.0,1.0
Integrating LLM-Generated Feedback in JupyterLab to Enhance Programming Education,2025,Text/Conference Demo,1.0,1.0,1.0,
Shared Sessions in MICRO: Enabling Collaborative Remote Experimentation in Embedded Systems Education,2025,Text/Conference Demo,1.0,1.0,1.0,-1.0
LearnMate – KI-gestützter Lernassistent zur Vor- und Nachbereitung universitärer Lehrveranstaltungen,2025,Text/Conference Demo,1.0,1.0,1.0,1.0
Kompagnon für das Verfassen von Hausarbeiten,2025,Text/Conference Demo,1.0,1.0,1.0,
Web-Based Prototype of a Branching Scenario Editor for Adaptive Learning,2025,Text/Conference Demo,,1.0,1.0,
Konzeption eines Moodle-Plugins zur Selbst- und Fremdeinschätzung von Sozialkompetenzen in Projektarbeiten,2025,Text/Conference Demo,1.0,1.0,1.0,1.0
"Cats, Code, and Concepts: Learn to Program with Catpie",2025,Text/Conference Demo,,1.0,1.0,-1.0
UniGoal: Ein Unterstützungstool für SMARTe Lernziele,2025,Text/Conference Demo,1.0,1.0,1.0,
VRsim_EU – AI Act: Exploring Educational Simulation Gaming in Virtual Reality,2025,Text/Conference Demo,,1.0,1.0,
FeeDi: Typunabhängiges Diagramm-Assessment durch deklarative Diagrammspezifikation,2025,Text/Conference Demo,1.0,1.0,1.0,-1.0
Collect Skills – Tool zur Selbsteinschätzung des individuellen Kompetenzerwerbs,2025,Text/Conference Demo,,1.0,1.0,
Teach-R Sporthalle: Erweiterung des VR-Klassenzimmers um Lernszenarien zur Professionalisierung von Sportlehrkräften,2025,Text/Conference Demo,,1.0,1.0,
Entwicklung einer sicheren Plattform zur explorativen Nutzung sozialer Medien im Unterricht,2025,Text/Conference Demo,1.0,,1.0,-1.0
PyRope – Ein codebasierter Ansatz für E-Assessment in MINT-Fächern,2025,Text/Conference Demo,1.0,-1.0,1.0,-1.0
Advancing Study Planning with Learning Analytics,2025,Text/Conference Demo,1.0,1.0,1.0,
StudyOrientation: Eine mobile App zur Unterstützung der Selbstreflexion bei der Studienwahl im Fach Informatik,2025,Text/Conference Demo,,1.0,1.0,-1.0
Demonstrating GraphIT – a Platform for Working with Dependency Graphs of Learning Topics,2025,Text/Conference Demo,1.0,,1.0,-1.0
The future of computer support for learning: An American/German DelLFIc vision,2003,Text/Conference Paper,1.0,,1.0,-1.0
Ein e-Lecture-System für die Theoretische Informatik,2003,Text/Conference Paper,1.0,1.0,1.0,1.0
Suche in aufgezeichneten Vorträgen und Vorlesungen,2003,Text/Conference Paper,1.0,-1.0,1.0,1.0
Kooperative Digitale Mitschriften auf mobilen Computern,2003,Text/Conference Paper,1.0,1.0,1.0,
Softwareunterstützung für offene Seminare,2003,Text/Conference Paper,1.0,1.0,-1.0,1.0
Soziale Eingebundenheit als Schlüsselfaktor im E-Learning – Blended Learning und CSCL im didaktischen Konzept der VFH,2003,Text/Conference Paper,1.0,1.0,-1.0,1.0
Austausch von Lernressourcen durch Peer-to-Peer-Netzwerke mit Hilfe von Lokalen Ontologie-Basierten Repositorien,2003,Text/Conference Paper,1.0,-1.0,1.0,1.0
The shared multimedia notebook: A Java tool for cooperation in learning environments,2003,Text/Conference Paper,1.0,,1.0,-1.0
Experimental tools for a multimedia-supported interactive lecture,2003,Text/Conference Paper,1.0,1.0,1.0,
Annotieren von Vorlesungsaufzeichnungen während der Aufnahme- und Wiedergabe-Phase,2003,Text/Conference Paper,1.0,,1.0,
Die partizipative Erstellung und Nutzung eines multimedialen Lernmoduls,2003,Text/Conference Paper,1.0,1.0,1.0,1.0
Die Virtuelle Fachhochschule VFH,2003,Text/Conference Paper,1.0,,1.0,1.0
MuSofT: Multimedia in der SoftwareTechnik,2003,Text/Conference Paper,1.0,-1.0,1.0,1.0
BSCL - Basic support for collaborative learning,2003,Text/Conference Paper,1.0,1.0,1.0,-1.0
Teleteaching an der Universität Göttingen: Systemarchitektur und Problematiken,2003,Text/Conference Paper,1.0,-1.0,-1.0,1.0
Programmierausbildung Online,2003,Text/Conference Paper,1.0,,1.0,
Automatic analysis of programming assignments,2003,Text/Conference Paper,1.0,1.0,1.0,
Entdeckendes Lernen mit einem interaktiven Online-Tutorium zur Programmierung in Java,2003,Text/Conference Paper,1.0,1.0,1.0,-1.0
Qualität im eLearning. Aktueller Stand und Perspektiven,2003,Text/Conference Paper,1.0,,-1.0,1.0
Feedback als Kernelement der benutzerfreundlichen Mensch-Maschine-Interaktion bei Lernsystemen,2003,Text/Conference Paper,,1.0,1.0,-1.0
Modularisierung von Bildungsangeboten: Problembeschreibung und Lösungsansatz,2003,Text/Conference Paper,1.0,,-1.0,1.0
Rechtsfragen des eLearning: el.la – ein Wissensportal für Hochschulen,2003,Text/Conference Paper,1.0,-1.0,1.0,1.0
Implementierung von eLearning-Szenarien nach der Theorie der kognitiven Lehre,2003,Text/Conference Paper,1.0,1.0,1.0,-1.0
Architekturen und Prozesse für die Entwicklung von eLearning-Content,2003,Text/Conference Paper,1.0,,,1.0
Evaluation von Datenbanken zur Speicherung von strukturierten Metadaten am Beispiel LOM,2003,Text/Conference Paper,1.0,-1.0,1.0,-1.0
"Architektur einer dienstebasierten, personalisierbaren Laufzeitumgebung für Lernumgebungen",2003,Text/Conference Paper,1.0,-1.0,1.0,
Überlegungen zur Konfiguration mehrfachverwendbarer E-Learning-Materialien,2003,Text/Conference Paper,1.0,-1.0,1.0,1.0
Was kostet E-Learning?,2003,Text/Conference Paper,1.0,-1.0,-1.0,1.0
Grundlagen eines Kalkulationsmodells für Blended Learning Kurse,2003,Text/Conference Paper,1.0,-1.0,-1.0,1.0
Gestaltungsmöglichkeiten bei der Schaffung nachhaltiger eLearning-Geschäftsmodelle durch deutsche staatliche Hochschulen,2003,Text/Conference Paper,1.0,-1.0,-1.0,1.0
Online-Feedback und Auswertung für E-Learning,2003,Text/Conference Paper,1.0,,1.0,-1.0
Unterstützung für das 2-Ebenen-Tailoring bei CSCL,2003,Text/Conference Paper,1.0,,1.0,-1.0
DUNES - Dialogic and argumentative Negotiation Educational software – Technische Realisierung,2003,Text/Conference Paper,1.0,,1.0,-1.0
MITO - eine Plattform zur Unterstützung der kollaborativen Erstellung und des Austausch von Lerninhalten im heterogenen Umfeld,2003,Text/Conference Paper,1.0,-1.0,1.0,
Transfer von eLearning-Konzepten von der Informatik in die Naturwissenschaften,2003,Text/Conference Paper,1.0,1.0,1.0,1.0
Instruktionstheoretische und Narrative Modelle am Beispiel des Projektes „medin“,2003,Text/Conference Paper,1.0,1.0,1.0,1.0
"CLE: Eine konstruktivistische, kollaborative Lernumgebung",2003,Text/Conference Paper,1.0,1.0,1.0,-1.0
Chancen und Schwierigkeiten der nachhaltigen Integration einer internetbasierten Lehr- und Lernplattform in die universitäre Lehre,2003,Text/Conference Paper,1.0,1.0,-1.0,1.0
AULIS – Hochschulweite Einführung einer Lernplattform.Nachhaltige Entwicklung von E-Learning zwischen Programmatik und Pragmatik,2003,Text/Conference Paper,1.0,,-1.0,1.0
Kooperative Übungen im Fernstudium,2003,Text/Conference Paper,1.0,1.0,1.0,
Evaluierung von selbstgesteuertem Wissenstransfer,2003,Text/Conference Paper,1.0,1.0,1.0,-1.0
Entwicklung wissensdiagnostischer Module für E-Learning Anwendungen,2003,Text/Conference Paper,1.0,1.0,1.0,1.0
Wie wird E-Learning genutzt? - eine empirische Untersuchung,2003,Text/Conference Paper,,1.0,-1.0,1.0
Arbeitsprozessorientiertes E-Learning mit Methoden und Werkzeugen des prozessorientierten Wissensmanagement,2003,Text/Conference Paper,1.0,,1.0,
Veränderungen von Lehreinheiten durch veränderte Ansprüche am Beispiel 'Computerbilder',2003,Text/Conference Paper,1.0,1.0,1.0,1.0
Eine Lerneinheit für die multimediale Lehre von Algorithmen undDatenstrukturen,2003,Text/Conference Paper,,1.0,1.0,-1.0
Eine interaktive und kollaborative Selbstlernumgebung für den Bereichder Sicherheitsprotokolle,2003,Text/Conference Paper,1.0,1.0,1.0,-1.0
Plattformübergreifende Publikation rekombinierbarer Lernobjekte auf Basis von XML,2003,Text/Conference Paper,1.0,,1.0,
Design and development of a LO-editor for the virtual medical campus Graz,2003,Text/Conference Paper,1.0,,1.0,
Autorenwerkzeug Javanti,2003,Text/Conference Paper,1.0,,1.0,-1.0
Kooperatives Authoring in einer virtuellen Umgebung,2003,Text/Conference Paper,1.0,,1.0,
"Das Bundesprogramm ,Swiss Virtual Campus'",2004,Text/Conference Paper,1.0,,-1.0,1.0
Zum Design inspirationaler Lernräume,2004,Text/Conference Paper,1.0,,1.0,-1.0
Barrierefreiheit im Internet,2004,Text/Conference Paper,-1.0,-1.0,,1.0
Strategien und Werkzeuge zur Erstellung multimedialer Lehr- und Lernmaterialien auf Basis von XML,2004,Text/Conference Paper,1.0,-1.0,1.0,1.0
"Erfahrungen mit dem multimedialen, didaktischen Modellierungswerkzeug DAVE",2004,Text/Conference Paper,1.0,1.0,1.0,-1.0
Die 'Softwaretankstelle' mit integriertem Verleihsystem für mobile Geräte,2004,Text/Conference Paper,1.0,-1.0,1.0,-1.0
Web-basierte Administration des Übungsbetriebs mit ECLAUS,2004,Text/Conference Paper,1.0,1.0,1.0,-1.0
Kostenpflichtiger Content in Lernportalen,2004,Text/Conference Paper,1.0,-1.0,1.0,1.0
Eine MultiView-Benutzungsoberfläche für integrierte Lernumgebungen,2004,Text/Conference Paper,1.0,,1.0,
Modellierung von Blended Learning Szenarien,2004,Text/Conference Paper,1.0,,1.0,1.0
"Der Unified Process im Grundstudium – Didaktische Konzeption, von Lernmodulen und Erfahrungen",2004,Text/Conference Paper,1.0,1.0,1.0,
Eine differenzierte Metadatennotation XML-basierter E-Learning-Ressourcen für ein zuverlässiges Metadatenmanagement,2004,Text/Conference Paper,1.0,-1.0,1.0,
Entwicklung eines technischen Rahmenwerks für standardkompatible Lernobjekte,2004,Text/Conference Paper,1.0,-1.0,1.0,
Adaptivität in eLearning-Standards - ein vernachlässigtes Thema?,2004,Text/Conference Paper,,,-1.0,1.0
Interaktionsunterstützung für die Präsenzlehre – Szenarien und Design,2004,Text/Conference Paper,1.0,,1.0,
Auf dem Weg zum E-Business-Manager: Lernen am Beispiel des Modellunternehmens und in der virtuellen Übungsfirma IMPULS-Schuh AG,2004,Text/Conference Paper,1.0,1.0,1.0,1.0
Medienproduktion im Projekt medin: Multimediales Fernstudium Medizinische Informatik,2004,Text/Conference Paper,1.0,,1.0,1.0
We've got mail! - Eine neue Qualität der Integration von Nachrichtendiensten in die kooperative Wissensorganisation,2004,Text/Conference Paper,1.0,,1.0,
Rollenbasierte Kooperationsunterstützung in CSCL-Umgebungen,2004,Text/Conference Paper,1.0,,1.0,-1.0
Endbenutzer-gesteuerte Gruppenbildung in gemeinsamen Lernräumen,2004,Text/Conference Paper,1.0,1.0,1.0,-1.0
Semantische Annotierung von Arztbriefen zur Generierung diagnostischer Trainingsfälle,2004,Text/Conference Paper,1.0,1.0,1.0,-1.0
"Kontextgesteuertes E-Learning in Unternehmensumgebungen: Der ""Learning in Process""-Ansatz",2004,Text/Conference Paper,1.0,,1.0,-1.0
Semantic interrelation of documents via an ontology,2004,Text/Conference Paper,1.0,-1.0,1.0,-1.0
Die Interaktive Vorlesung in der Praxis,2004,Text/Conference Paper,1.0,1.0,1.0,
Erfolgsfaktoren für effektives E-Learning - Ergebnisse einer empirischen Studie,2004,Text/Conference Paper,,1.0,-1.0,1.0
Formative Evaluation eines computergestützten Störungsdiagnosetrainings für die technische Bildung,2004,Text/Conference Paper,,1.0,1.0,-1.0
Vorgehensmodelle für die Entwicklung von E-Learning-Angeboten,2004,Text/Conference Paper,1.0,-1.0,1.0,1.0
Usability Engineering didaktischer Software,2004,Text/Conference Paper,1.0,,1.0,-1.0
Entwicklung von Software zur Exploration im Bildungskontext,2004,Text/Conference Paper,1.0,1.0,1.0,-1.0
Lüüd liehrn tohoop schrieven: Integration einer Wiki-Sicht in ein raumbasiertes CSCW/L-System  – Anforderungen und Umsetzung,2005,Text/Conference Paper,1.0,1.0,1.0,
Ein Wiki als Lernumgebung? Überlegungen und Erfahrungen aus schulischer Sicht,2005,Text/Conference Paper,1.0,,-1.0,1.0
Verteilte Softwarepraktika mit der Projektmethode,2005,Text/Conference Paper,1.0,1.0,1.0,1.0
Kontextuelle Kooperation – Unterstützung kooperativen Lernens auf Basis des Kontextes,2005,Text/Conference Paper,1.0,,1.0,-1.0
Konzeption und Evaluation von CSCL-basierten Seminaren,2005,Text/Conference Paper,1.0,1.0,-1.0,1.0
Die Moderation asynchroner CSCL-Prozesse,2005,Text/Conference Paper,1.0,1.0,1.0,-1.0
Mehr Flexibilität bei Rapid E-Learning – Plattformunabhängige Repräsentation aller Kursdaten,2005,Text/Conference Paper,1.0,-1.0,1.0,
Automatisierte Augmentierung von Lernobjekten in einer semantischen Interpretationsschicht der HyLOS Plattform,2005,Text/Conference Paper,1.0,,1.0,
Qualitätssicherung für Metadaten,2005,Text/Conference Paper,1.0,-1.0,1.0,1.0
Integration von E-Assessment und Content-Management,2005,Text/Conference Paper,1.0,,1.0,
WIESELfederation – Content Sharing Ansatz im Rahmen eines offenen Verbundes von Learning Object Repositories,2005,Text/Conference Paper,1.0,,1.0,
Wiederverwendung von Lernressourcen mittels Authoring by Aggregation im ResourceCenter,2005,Text/Conference Paper,1.0,-1.0,1.0,
Interaktive werkzeugbasierte Entwicklung von mehrsprachigem Lehr- und Lernmaterial,2005,Text/Conference Paper,1.0,,1.0,
Ansatz zur Definition einer Mustersprache für Lehr-/Lernsysteme,2005,Text/Conference Paper,1.0,-1.0,1.0,-1.0
Eine formale Algebra für die strukturierte Dokumentenverarbeitung,2005,Text/Conference Paper,1.0,-1.0,1.0,-1.0
MIN – Multimediale Module für Mathematik in Informatik und Naturwissenschaften,2005,Text/Conference Paper,,,1.0,
"Spezielle Statistikmethoden für die Wirtschafts- und Ingenieurwissenschaften - Entwicklung, Methodik und Erfahrungen mit einem interaktiven Lernmodul",2005,Text/Conference Paper,,1.0,1.0,
"Teaching in the Cyber-Age: Technologies, experiments, and realizations",2005,Text/Conference Paper,,1.0,1.0,1.0
"Prefetching für verteilte, hypermediale Lernanwendungen unter Berücksichtigung der Lerndauer",2005,Text/Conference Paper,1.0,1.0,1.0,
Interactive concept mapping in ActiveMath,2005,Text/Conference Paper,,1.0,1.0,
PartSim - Ein System zur Unterstützung interaktiver Simulationen in der Lehre,2005,Text/Conference Paper,1.0,1.0,1.0,-1.0
Expedition in das Datenreich: Exploratives Erlernen von Internetdiensten,2005,Text/Conference Paper,1.0,1.0,1.0,-1.0
Einsatz wissensdiagnostischer Module in elektronischen Prüfungen,2005,Text/Conference Paper,1.0,1.0,1.0,
Automatische Überprüfung von Übungsaufgaben,2005,Text/Conference Paper,1.0,1.0,1.0,-1.0
"LlsChecker, ein CAA-System für die Lehre im Bereich Programmiersprachen",2005,Text/Conference Paper,1.0,,1.0,
Experiments with mobile robots in tele-education,2005,Text/Conference Paper,1.0,,1.0,
Mobiles Desaster Recovery Training in einem Praktikum für Datenbankadministration,2005,Text/Conference Paper,1.0,,1.0,
Interaktive Lernobjekte in einem mobilen Einsatzumfeld,2005,Text/Conference Paper,1.0,,1.0,-1.0
Erfolgreicher Einsatz von E-Learning-Systemen in China-Lernstrukturen und Lernkulturen,2005,Text/Conference Paper,1.0,1.0,1.0,1.0
"Weiche Skills, harte Technik – Erfahrungen mit Vermittlung von Soft Skills durch Blended Learning",2005,Text/Conference Paper,1.0,1.0,-1.0,1.0
Lernerunterstützung beim Schriftspracherwerb in einem computergestützten Klassenraum,2005,Text/Conference Paper,1.0,1.0,1.0,-1.0
Evaluation webbasierter E-Learning-Systeme mittels implizit erfasster Benutzerinteraktionen,2005,Text/Conference Paper,,1.0,-1.0,1.0
Evaluation des audiovisuellen digitalen Informationsdienstes von Knowledgebay,2005,Text/Conference Paper,,1.0,-1.0,1.0
Usability von e-Learning-Angeboten am Beispiel eLBa – e-Learning für die Bauwirtschaft,2005,Text/Conference Paper,,1.0,-1.0,1.0
Didactic as a first-class citizen in courseware development,2005,Text/Conference Paper,1.0,-1.0,1.0,-1.0
Didaktische Anmerkungen zur Unterstützung der Programmierlehre durch E-Learning,2005,Text/Conference Paper,1.0,1.0,-1.0,1.0
Zur Differenzierung von Selbststeuerung von Lernprozessen bei web-basiertem Wissenstransfer,2005,Text/Conference Paper,1.0,1.0,1.0,
Automatisierte Ableitung von Personen- und Organisationsbezogenem Ausbildungsbedarf mittels Modell-basierter Verfahren,2005,Text/Conference Paper,1.0,-1.0,1.0,-1.0
Personas im Designprozess einer E-Teaching Community,2005,Text/Conference Paper,1.0,,1.0,1.0
Rechtemanagement und E-Learning – Zum Einsatz des Digital Rights Management für E-Learning,2005,Text/Conference Paper,,-1.0,-1.0,1.0
Ökonomisierung des Technology Enhanced Learning,2005,Text/Conference Paper,1.0,,1.0,1.0
Format-übergreifende Anpassungen von elektronischen Lerninhalten,2006,Text/Conference Paper,1.0,-1.0,1.0,-1.0
Mediale Aufbereitung von Lehrveranstaltungen und ihre automatische Veröffentlichung – Ein Erfahrungsbericht,2006,Text/Conference Paper,1.0,,1.0,1.0
Eine lernerzentrierte Evaluation des Einsatzes von Vorlesungsaufzeichnungen zur Unterstützung der Präsenzlehre,2006,Text/Conference Paper,1.0,1.0,-1.0,1.0
Unterrichtsmethoden als Handlungsmuster – Vorarbeiten zu einer didaktischen Taxonomie für E-Learning,2006,Text/Conference Paper,,-1.0,-1.0,1.0
Computergestützte Mathematiktests im Informatikstudium,2006,Text/Conference Paper,1.0,1.0,-1.0,1.0
Schwachstellenermittlung und Rückmeldungsprinzipen in einem intelligenten Tutorensystem für juristische Argumentation,2006,Text/Conference Paper,,1.0,1.0,-1.0
Dual Interaction Spaces: Integration synchroner Kommunikation und Kooperation,2006,Text/Conference Paper,1.0,,1.0,-1.0
Zur Nutzung von Referenzierungsfunktionalitäten in Lernchats,2006,Text/Conference Paper,1.0,,-1.0,-1.0
Evaluation zur Nutzung traditioneller und neuer Lernmedien,2006,Text/Conference Paper,,1.0,-1.0,1.0
Fit for Mediamanagement – Ein Online-Bildungsportal als Lerngegenstand,2006,Text/Conference Paper,,1.0,1.0,1.0
Konstruktion interaktiver aufgabenorientierter Lernobjekte für webbasierte Lernumgebungen,2006,Text/Conference Paper,1.0,1.0,1.0,
Wiederverwendungsorientiertes Content Authoring nach dem Single-Source Prinzip,2006,Text/Conference Paper,1.0,-1.0,1.0,1.0
Werkzeuge für mehrdimensionale Lernobjekte: das Woher und Wohin,2006,Text/Conference Paper,1.0,,1.0,
User-defined Learning Strategies,2006,Text/Conference Paper,1.0,,1.0,-1.0
Qualität im eLearning durch Kompetenzerwerb stärken,2006,Text/Conference Paper,1.0,,-1.0,1.0
Konzeption und erste Ergebnisse zu einem Label für E-Learning Veranstaltungen an der TU Darmstadt,2006,Text/Conference Paper,1.0,1.0,-1.0,1.0
Empirische Untersuchung zur Veränderung des Studienalltags durch Einführung eines Lernmanagementsystems,2006,Text/Conference Paper,1.0,1.0,-1.0,1.0
Visualisierung von Algorithmen und Datenstrukturen,2006,Text/Conference Paper,1.0,1.0,1.0,-1.0
Ein erweiterbares interaktives Online-Übungssystem mit Aufgaben zu Aussagen- und Prädikatenlogik,2006,Text/Conference Paper,1.0,1.0,1.0,-1.0
Pattern-basierte Erstellung eines E-Learning Spiels am Beispiel Network Calculus,2006,Text/Conference Paper,,1.0,1.0,
Use & usability: Portalevaluation mit Eye-Tracking und Logfile-Daten,2006,Text/Conference Paper,1.0,,-1.0,1.0
Audio-Browsing mit elastischen Schiebereglern im E-Learning,2006,Text/Conference Paper,,1.0,1.0,-1.0
Ein Chat sagt mehr als 1000 Worte: Strukturanalyse von Lernchats,2006,Text/Conference Paper,1.0,,-1.0,1.0
CSCL unplugged – Nomadisches kooperatives Lernen,2006,Text/Conference Paper,1.0,,1.0,
ViCToR-Räume: Kooperative Wissensräume für Mathematik und Naturwissenschaften,2006,Text/Conference Paper,1.0,,1.0,
Mobile learning is coming of age - what we have and what we still miss,2006,Text/Conference Paper,,-1.0,-1.0,1.0
Integration von eLearning in die IuK Infrastrukturen deutscher Hochschulen: Standardisierter Datenaustausch und Schnittstellen,2006,Text/Conference Paper,1.0,-1.0,1.0,1.0
Potentiale serviceorientierter Architekturen für E-Learning-Infrastrukturen an Hochschulen,2006,Text/Conference Paper,1.0,-1.0,,1.0
Nachfragerorientierte Lizenzierung in e-Learning-Umgebungen – Eine Klassifikation typischer Lizenzmodelle,2006,Text/Conference Paper,1.0,-1.0,-1.0,1.0
Computer-Supported Collaborative Scripts: Einsatz com-putergestützter Kooperationsskripte in der Fernlehre1,2007,,1.0,1.0,1.0,
E-Learning aus Prozessperspektive,2007,,1.0,,-1.0,1.0
EDL-Editor: Eine Anwendung zur automatischen Aufbereitung von Vorlesungsvideos,2007,,1.0,,1.0,
Notetaking in University Courses and its Implications for eLearning Systems,2007,,,1.0,-1.0,1.0
Freie Bildungsressourcen im didaktischen Kontext,2007,,1.0,,-1.0,1.0
Organisation tutorieller Betreuung beim E-Learning,2007,,1.0,,-1.0,1.0
Ein generisches Konzept zur Realisierung von Self-Assessments zur Studienwahl und Selbsteinschätzung der Studierfähigkeit,2007,,1.0,1.0,1.0,-1.0
"Bessere Schulnoten mit MatES, dem e-Bibliothekardienst für den Mathematikunterricht",2007,,,1.0,1.0,-1.0
Flexibilisierung der Lehr-und Lernszenarien von Business-Fallstudien durch CaseML,2007,,1.0,,1.0,-1.0
Content-Migration beim Wechsel zwischen verschiedenen Systemkategorien zur Content-Erstellung und -Pflege,2007,,1.0,-1.0,-1.0,1.0
Entwicklung rekonfigurierbarer Lerninhalte mit (edu) DocBook,2007,,1.0,,1.0,
Das Authoring Management System EXPLAIN zur ganz-heitlichen Unterstützung des Erstellungsprozesses von Trainingsmedien und WBTs,2007,,1.0,-1.0,1.0,
Eine logﬁlebasierte Evaluation des Einsatzes von Vorlesungsaufzeichnungen,2007,,1.0,1.0,-1.0,1.0
Anreizsysteme zur Intensivierung von E-Teaching an Hochschulen,2007,,1.0,,-1.0,1.0
Fourth Party E-Learning-Provider – Ein Koordinationsansatz zur nachhaltigen Etablierung von E-Learning an einer Massenuniversität,2007,,1.0,,-1.0,1.0
Interoperabilität von elektronischen Tests,2007,,1.0,-1.0,1.0,-1.0
Aktueller Stand und Perspektiven der eLearning-Infrastruktur an deutschen Hochschulen,2007,,1.0,-1.0,-1.0,1.0
...unser Admin installiert da mal was! – Zur Nachhaltigkeit von E-Learning-Infrastrukturen – Eine Taxonomie,2007,,1.0,-1.0,-1.0,1.0
koaLA – Integrierte Lern-und Arbeitswelten f¨ur die Universit¨at 2.0,2007,,1.0,,1.0,
Gibt es mobiles Lernen mit Podcasts? – Wie Vorlesungs-aufzeichnungen genutzt werden,2007,,,1.0,-1.0,1.0
Ein Framework f¨ur die kooperative Wissensorganisation – Informelles semantisches Strukturieren und Einsatz in der Praxis,2007,,1.0,,1.0,
Zur Gestaltung der Aushandlungsunterstützung in CSCL-Systemen,2007,,1.0,,1.0,-1.0
Kontextualisierte Kooperationsinitiierung zur Unterstüt-zung arbeitsplatzorientierten kollaborativen Lernens,2007,,1.0,,1.0,-1.0
OSOTIS – Kollaborative inhaltsbasierte Video-Suche,2007,,1.0,,1.0,
Verwaltung universitärer Assessment-Szenarien am Beispiel von Informatik-Vorlesungen,2010,,1.0,,1.0,
"Studierende, das Web und Vorlesungsaufzeichnungen",2010,,1.0,1.0,-1.0,1.0
Anwendungsszenarien für ein Werkzeug zur Video-Annotation in der universitären Lehre,2010,,1.0,,1.0,
Entwicklung eines Frameworks für semi-automatisches Feedback zur Unterstützung bei Lernprozessen,2010,,1.0,1.0,1.0,
Lernen mit SmartTravel im Reisebüro der Zukunft,2010,,1.0,1.0,1.0,1.0
Durchgängige Integration einer Creative Commons Lizenzverwaltung in die Open Learning Content Authoring & Management Plattform docendo,2010,,1.0,-1.0,1.0,1.0
Content Sharing bei elektronischen Assessments,2010,,1.0,,-1.0,1.0
Was kann ich eigentlich… (werden)? Detektion und Vergleich von Kompetenz-Profilen in der Digitalen Wirtschaft,2010,,,1.0,1.0,-1.0
Integriertes eLearning in der Fakultät für Medizin an der TU München,2010,,1.0,1.0,1.0,1.0
Coopetition-Simulation-Ansatz zur Förderung der Lerner-partizipation an der Erstellung von nutzergenerierten Inhalten. Ein Erfahrungsbericht aus einem Kooperationsprojekt zur Lernfilmproduktion.,2010,,1.0,,-1.0,1.0
Leichtere Datenanalyse zur Optimierung der Lehre am Beispiel Moodle1,2010,,1.0,1.0,1.0,1.0
Anforderungen an Monitoring-und Analysewerkzeuge zur Förderung von Aktionsforschungsprozessen in Blended-Learning-Szenarien,2010,,1.0,,1.0,1.0
Podcastproduktion als kollaborativer Zugang zur theoretischen Informatik,2010,,,1.0,-1.0,1.0
Designimplikationen für eine digitale Lesewerkstatt: Die Dynamik des Textes und die Irreversibilität der Papierannotation,2010,,,1.0,1.0,-1.0
Online Learning with Remote-Configured Experiments,2010,,1.0,1.0,1.0,1.0
AMSEL – ein Lernsystem zum Algorithmenentwurf,2010,,,1.0,1.0,-1.0
3D/VR-Visualisierung eines Motormodells in der ingenieurwissenschaftlichen Hochschulausbildung,2010,,,1.0,1.0,-1.0
Offene 3D-Umgebungen als Framework für rollenspielbasierte Lernszenarien,2010,,1.0,1.0,1.0,
Kompetenzentwicklung und Wissensmanagement durch situiertes Lernen in Massive Multiplayer Online Games,2010,,,1.0,-1.0,1.0
Multimediales Lernen mit CogniPedia: Ein Online-Autorenwerkzeug zur Erstellung und Publikation interaktiver Bilddetail-Aufgaben im Web,2010,,1.0,1.0,1.0,-1.0
Auswahl und Erprobung von Webkonferenz Tools für Online Tutorien,2010,,1.0,1.0,-1.0,1.0
Live-Manuskript – Ein Werkzeug zur kollaborativen Erstellung von Notizen und Mitschriften,2010,,1.0,,1.0,-1.0
Bayesualize: Visualisierung bedingter Wahrscheinlichkeiten,2010,,,1.0,1.0,-1.0
Feedback-Möglichkeiten in automatischen Prüfungssystemen,2010,,1.0,1.0,1.0,-1.0
Weit weg und doch nah dran – Wie ein Transport-Unternehmen das lebenslange Lernen fördert,2010,,1.0,1.0,-1.0,1.0
Analyse dynamischer Teambildung zur gemeinsamen Bearbeitung von Übungsaufgaben,2010,,1.0,,-1.0,1.0
ScratchDrone – Systematische Programmierung von Flugdrohnen f¨ur den Informatikunterricht,2014,,1.0,1.0,1.0,
Evaluation von Lerndesigns mit einem webbasierten Classroom Response System in der universitären Lehre,2014,,1.0,1.0,-1.0,1.0
Personalized Web Learning by joining OER,2014,,1.0,1.0,1.0,
Moodle-Plug-in zur Analyse und Kennzeichnung der Barrierefreiheit von PDF-Dokumenten,2014,,1.0,1.0,1.0,
Mobile Kompetenzerfassung zur gezielten Unterstützung von Kompetenzentwicklungsprozessen in der dualen Ausbildung,2014,,1.0,1.0,1.0,-1.0
Automatische Generierung von Übungsgruppen auf Basis der Nutzung von Online-Ressourcen,2014,,1.0,1.0,1.0,1.0
Über den Nutzen interaktiver Lernmedien im Fernstudium,2014,,,1.0,-1.0,1.0
QuesTanja: Konzeption einer Online-Plattform zur computerunterstützten Gamification von Unterrichtseinheiten,2014,,1.0,1.0,1.0,-1.0
"Kontexterfassung, -modellierung und -auswertung in Lernumgebungen",2014,,1.0,1.0,1.0,-1.0
Click2Vote – Systematische Integration heterogener Clicker-L¨osungen,2014,,1.0,,1.0,
Badges als Elemente von digitalen Lernumgebungen: Einsatzszenarien am Beispiel von BeuthBadges,2014,,1.0,1.0,1.0,1.0
"Design, Implementierung und Anwendungsfälle einer Corporate MOOC Software Suite",2014,,1.0,,1.0,
WARP – ein Trainingssystem für UML-Aktivitätsdiagramme mit mehrschichtigem Feedback,2014,,,1.0,1.0,-1.0
Ein Hochschul-App-Framework: Hybrid und modular,2014,,1.0,,1.0,
Erfahrungen mit mobile Learning in der Hochschullehre – Vergleich zwischen Massenveranstaltung und Seminar,2014,,1.0,1.0,-1.0,1.0
Studienvorbereitung per Mausklick: Ein Erfahrungsbericht aus Sachsen,2014,,1.0,1.0,-1.0,1.0
An adaptive and adaptable learning platform with real-time eye-tracking support: lessons learned,2014,,1.0,1.0,1.0,
Berufliche Erstausbildung 2.0 – mobiles Lernen mit QR-Code und Online-Berichtsheft,2014,,1.0,1.0,-1.0,1.0
ÜPS – Ein autorenfreundliches Trainingssystem für SQL-Anfragen,2014,,1.0,1.0,1.0,
eKlausuren in der angewandten Mathematik – Herausforderungen und Lösungen,2014,,1.0,1.0,-1.0,1.0
Lerngruppen in xMOOCs: Potenzial und Herausforderungen,2014,,1.0,1.0,-1.0,1.0
OPAL als MOOC-Plattform: Ein Lernmanagementsystem wird geöffnet,2014,,1.0,,-1.0,1.0
Der Markt für Audience Response Systeme – eine explorative Marktstudie,2014,,,-1.0,-1.0,1.0
"Konzeption, Durchführung und Ergebnisse einer Usability-Studie zu einem Q&A System für mobiles Lernen von Servicetechnikern",2014,,,1.0,1.0,-1.0
Lehren mit Learning Analytics – erste Erfahrungen mit dem Tool LeMo,2014,,1.0,1.0,1.0,-1.0
SMASH: Ein generisches System für interaktive Szenarien in der Vorlesung,2014,,1.0,,1.0,-1.0
Ein Untersuchungsdesign zum Vergleich von offener und Script-basierter Kollaboration beim Lernen mit Videos,2014,,1.0,1.0,1.0,
Die Evaluation generischer Einbettung automatisierter Programmbewertung am Beispiel von Moodle und aSQLg,2014,,1.0,1.0,1.0,1.0
Der Einsatz von WIRIS quizzes im LMS Moodle für Online-Self-Assessments im Fach Mathematik an der Hochschule Pforzheim,2014,,1.0,1.0,-1.0,1.0
DeterminationApp: Unterstützung selbstbestimmten Lernens in der ökologischen Freilandlehre mit Engine und offenem Datenmodell für multidimensionale Bestimmungsschlüssel auf 'mobile devices',2014,,1.0,1.0,1.0,-1.0
Mathe-App für den Übergang Schule-Studium,2014,,1.0,1.0,1.0,1.0
"Softwaresupport für die graphische, zeitbasierte Planung von Unterrichtseinheiten",2014,,1.0,1.0,1.0,-1.0
Learning Pathway Recommendation based on a Pedagogical Ontology and its Implementation in Moodle,2014,,1.0,1.0,1.0,
Zwanzig Jahre Lernen mit dem World Wide Web,2014,,1.0,,1.0,1.0
Functional Requirements Catalogue in the Context of Virtual Classrooms for Blind Users,2014,,,1.0,-1.0,1.0
Kriterien für die automatisierte Bewertung von user-generated educational Microcontent,2014,,1.0,-1.0,-1.0,1.0
CollideLabs – Eine modulare Plattform zur Bereitstellung von Virtual Labs,2014,,1.0,1.0,1.0,
Wiederverwendbarkeit von Programmieraufgaben durch Interoperabilität von Programmierlernsystemen,2014,,1.0,-1.0,1.0,-1.0
Zirkus Empathico: Eine mobile Applikation zum Training sozioemotionaler Kompetenzen bei Kindern im Autismus-Spektrum,2015,,,1.0,1.0,-1.0
5Code  Eine integrierte Entwicklungsumgebung für Pro-grammieranfänger,2015,,1.0,1.0,1.0,-1.0
Adaptive Lehrvideos,2015,,1.0,1.0,1.0,
To share or not to share: Ist die Nutzung von OER-Austauschplattformen eine Frage der Kultur?,2015,,1.0,-1.0,-1.0,1.0
Entwicklung und Evaluation eines Prüfungssystems zur Durchführung elektronischer Volltextklausuren im juristi-schen Staatsexamen,2015,,1.0,1.0,1.0,
Grappa  die Spinne im Netz der Autobewerter und Lern-managementsysteme,2015,,1.0,,1.0,
Blickbasierte Awarenessmechanismen zur Kollaborations-unterstützung in offenen verteilten Lernanwendungen,2015,,1.0,1.0,1.0,-1.0
CrumbIT!  Community-basierte Lernpfade durch den Online-Wissensdschungel,2015,,1.0,1.0,1.0,
"Online-gestützte Lehrveranstaltungen: Management, Or-ganisation und Erfahrungen",2015,,1.0,1.0,1.0,1.0
Flexibilisierung des Studienalltags durch eLectures,2015,,1.0,1.0,-1.0,1.0
OSAI: Ein Tool zur Themenanalyse in Lernraum-Foren,2015,,1.0,,1.0,-1.0
Smart Learning: Der digitale Lernbegleiter für die berufli-che Bildung,2015,,1.0,1.0,1.0,1.0
Bewertungsschema für eine abgestufte Bewertung von Programmieraufgaben in E-Klausuren,2015,,1.0,,1.0,1.0
Die Erweiterung von Lernräumen durch Augmented Reality am Beispiel des Social Augmented Learning,2015,,1.0,1.0,1.0,
Das ECON EBook als interaktives und multimediales elekt-ronisches Schulbuch für den Ökonomieunterricht,2015,,1.0,,1.0,1.0
Ein Online-System zur Regionalisierung der Fahrschulausbildung,2015,,1.0,1.0,1.0,-1.0
Multitouch-Pursuit  Ein generisches Lernspiel für Tisch-computer,2015,,,1.0,1.0,
"Motivated in the global digital Classroom?  Zusammenhänge zwischen Wahrnehmung Anderer, Lernmotivation und Kompetenzerwerb",2015,,,1.0,-1.0,1.0
bwLehrpool: Plattform für die effiziente Bereitstellung von Lehr-und Klausurumgebungen,2015,,1.0,,1.0,1.0
Visual Analytics in der Studienverlaufsplanung,2015,,1.0,1.0,1.0,
"International, interdisziplinär, interaktiv",2015,,1.0,1.0,-1.0,1.0
Analyse erfolgreicher Studenten in Massive Open Online Courses,2015,,,1.0,1.0,1.0
Der Persönliche Online-Schreibtisch in der Vorkurs-Lernumgebung viaMINT,2015,,1.0,1.0,1.0,1.0
WHELP: Web-Based Holistic E-Learning Platform,2015,,1.0,1.0,1.0,-1.0
Bewertung webbasierter Dienste für den Einsatz im schuli-schen Kontext  ein Kriterienkatalog,2015,,1.0,,-1.0,1.0
"Aufwand und Nutzen parametrisierbarer, pfadbasierter Aufgaben",2015,,1.0,1.0,1.0,-1.0
Linked Data Driven Visual Analytics for Tracking Learners in a PLE,2015,,,1.0,1.0,
Browserbasierte Programmierung und Interaktion mit Arduino-Aufbauten im Bereich Elektrotechnik,2015,,1.0,1.0,1.0,
Das Studierenden-App Projekt StApps,2015,,1.0,-1.0,1.0,-1.0
Ein Fragetyp für Programmieraufgaben als Erweiterung des Learning-Management-Systems ILIAS,2015,,1.0,,1.0,1.0
ASiST: Assistent für das Studieren  Hochschulübergrei-fender Betrieb einer Informations-und Service-App als Open-Source-Lösung,2015,,1.0,,1.0,-1.0
"Vom Web 1.0 zum Web 2.0, von Small zu Fat von Moodle zu mooin, MOOCs make the LMS happy",2015,,1.0,,1.0,1.0
Gewusst was: Mit einer E-Learning-Toolbox die persönliche virtuelle Umgebung gestalten,2015,,1.0,-1.0,1.0,1.0
Seamless Application Ecologies as Mobile Personal Learn-ing Environments,2015,,1.0,,1.0,
"Wir haben eine Lösung, aber wo ist das Problem? -Ent-wicklung von Entwurfsmustern für ARS-Szenarien auf Ba-sis von empirischer Wirkungsforschung",2015,,1.0,1.0,-1.0,1.0
Mobil in und aus Situationen lernen: Erste Erfahrungen zum Studieneinstieg von Studierenden verschiedener Fachrichtungen,2015,,1.0,1.0,1.0,
Modellierung der Kompetenzen Lernender: Explizite und implizite Kompetenzerfassung in einer Lernumgebung für Servicetechniker,2015,,1.0,1.0,1.0,-1.0
Das Technologieakzeptanzmodell f¨ur kartenbasierte Lernspiele in der Bildauswertung,2016,,,1.0,1.0,-1.0
Lessons Learned: Serious Games im Hochwasserrisikomanagement,2016,,,1.0,1.0,
Automatisierte Online-Aufsicht im Kontext der Wertigkeit von Zertiﬁkaten einer MOOC Plattform,2016,,1.0,1.0,1.0,1.0
Technische Unterstützung zur Durchführung von Massenklausuren,2016,,1.0,-1.0,1.0,
bwLehrpool: Durchführung von elektronischen Prüfungen in virtualisierten Umgebungen,2016,,1.0,,1.0,1.0
Ein Autorensystem zur Erstellung von adaptiven mobilen Mikrolernanwendungen,2016,,1.0,1.0,1.0,-1.0
Eine Lernanwendung für arbeitsprozessintegriertes und -orientiertes Lernen zur Steigerung der beruflichen Handlungskompetenz mittels einer stärkeren Orientierung der Ausbildung an beruflichen Handlungssituationen,2016,,1.0,1.0,1.0,-1.0
HardDrive Exchange – Eine VR-Lernanwendung zur Durchführung von Festplattenwechseln in Speichersystemen,2016,,,1.0,1.0,
Elektronische Abstimmungssysteme in der Hochschullehre – Empirische Untersuchung zu Erfahrungen mit dem Audience Response System eduVote,2016,,1.0,1.0,-1.0,1.0
Evaluation automatisierter Ans¨atze f¨ur die Bewertung von Modellierungsaufgaben,2016,,1.0,1.0,1.0,-1.0
Bewertungsaspekte und Tests in Java-Programmier-aufgaben für Graja im ProFormA-Aufgabenformat,2016,,1.0,1.0,1.0,-1.0
Beobachtungen zum Abbruchverhalten von Studierenden in einem webbasierten Mathematik Vorkurs,2016,,1.0,1.0,-1.0,1.0
Interest-based Recommendation in Academic Networks using Social Network Analysis,2016,,,1.0,1.0,-1.0
MoodlePeers: Automatisierte Lerngruppenbildung auf Grundlage psychologischer Merkmalsauspr¨agungen in E-Learning-Systemen,2016,,1.0,1.0,1.0,1.0
(Keine) Angst vor dem Datenschutz?! Begleitforschung im Hochschulkontext,2016,,1.0,1.0,-1.0,1.0
Anforderungen und ein Rahmenkonzept f¨ur inklusive E-Learning Software,2016,,1.0,1.0,1.0,-1.0
Lernende Organisation durch die Gestaltung interdisziplinärer Zusammenarbeit,2016,,1.0,,-1.0,1.0
StaySmart1 – Individuelles und kompetenzorientiertes E-Learning im Zeitalter des demografischen Wandels,2016,,1.0,1.0,1.0,1.0
Drei Aspekte der Qualitätssicherung bei E-Assessments,2016,,1.0,,-1.0,1.0
Digitale Teilnahmezertifikate und Open Badges verbinden: Der E-Teaching-Badge,2016,,1.0,-1.0,1.0,1.0
Analyse von GUI-Komponenten in Videolernumgebungen,2016,,,-1.0,-1.0,1.0
"Campus.UP – eine digitale, personalisierbare Lern-& Arbeitsumgebung",2016,,1.0,,1.0,
Auf dem Weg zum Videocampus Sachsen – eine Machbarkeitsuntersuchung,2016,,1.0,,-1.0,1.0
ProFormA-Middleware — Vorteile von Programmierbewertungssystemen und Lernmanagementsystemen verbinden,2016,,1.0,-1.0,1.0,
Let me do it: towards the implementation of instructional patterns of ICT usage in schools,2016,,1.0,-1.0,1.0,
Selbstorganisiertes Lernen im Studium durch Social Media,2016,,1.0,1.0,-1.0,1.0
Videoportale im Hochschulkontext – ein Leistungsvergleich,2016,,1.0,-1.0,-1.0,1.0
Toolchain zur ANSI-C Programmierung des Lego Mindstorms EV3 in der Hochschullehre,2016,,,-1.0,1.0,-1.0
Computerbasiertes Testen zur Messung von Musikkompetenzen,2016,,,1.0,1.0,1.0
CuCoMaG -Group Reflection Support in Role-Playing Environments,2016,,1.0,1.0,1.0,-1.0
Campus.UP – die flexible Plattform für digitales Lernen und Arbeiten,2016,,1.0,,1.0,
Ein Bild sagt mehr als tausend Worte – interaktive Visualisierungen in web-basierten Programmieraufgaben,2016,,,1.0,1.0,
Kontextbasiertes E-Learning zur Diagnose und Behebung von Netzwerkfehlern am Beispiel der App ThermoFind,2016,,1.0,1.0,1.0,-1.0
Adaption und Evaluation eines virtuellen Klassenzimmers f¨ur Blinde,2016,,,1.0,1.0,
„Das schaue ich mir morgen an“ – Aufschiebeverhalten bei der Nutzung von eLectures; eine Analyse,2016,,1.0,1.0,-1.0,1.0
Das erste Semester von Studierenden der Wirtschafts-und Sozialwissenschaften im Spiegel der Reflect.UPApp,2016,,1.0,1.0,1.0,
Nutzung eines elektronischen Schulbuchs im Informatikunterricht am Beispiel des Projektes inf-schule,2016,,1.0,1.0,,1.0
ConceptCloud: Supporting Reﬂection in the Online Learning Environment Go-Lab,2016,,,1.0,1.0,1.0
Fake or Real? Analyse physikalischer Phänomene in viralen Videos im forschend-entdeckenden Lernkontext,2016,,,1.0,1.0,
Design eines Spiels zum Lernen von Informationskompetenz,2016,,,1.0,1.0,-1.0
Ein Assistent zur Konzeption von Lernaufträgen für das Lernen am Produktionsarbeitsplatz,2017,,1.0,,1.0,1.0
Zielgruppengerechte App-Icons Seniorinnen Senioren,2017,,,1.0,1.0,1.0
Motiviert an die strukturierte Testfallermittlung,2017,,1.0,1.0,1.0,1.0
LearningView -ein digitales Werkzeug zur Unterstützung eines offenen Unterrichts,2017,,1.0,,1.0,-1.0
"Vorgehensmodell zur Identifikation, Aufnahme und Aufbereitung von Prozesswissen in der Industrie 4.0",2017,,1.0,,1.0,-1.0
Entwicklung einer Evaluation für Blended Learning Konzepte,2017,,1.0,1.0,-1.0,1.0
Schnell zu erfassen: Ein Komplexitätsmaß für Mehrfachauswahlfragen,2017,,,1.0,1.0,1.0
Digitalisierte Hochschuldidaktik: Qualitätssicherung von Prüfungen mit dem E-Assessment-Literacy-Tool EAs.LiT,2017,,1.0,,1.0,
Metriken zur Messung von Lernerfolg im Informatik-Grundlagen-Unterricht,2017,,1.0,1.0,1.0,
Beyond Lockdown: Towards Reliable e-Assessment,2017,,1.0,-1.0,1.0,-1.0
"Mobile Web-Technologien im Sport: Konzeption, Entwicklung und Evaluation eines Trainingsassistenten",2017,,1.0,1.0,1.0,
Digitale Signierung elektronischer Prüfungen: Organisation und Arbeitsumgebung im Prüfungsraum,2017,,1.0,1.0,1.0,1.0
Automatische Sammlung von Aktivitäten Lernender in offenen Lernumgebungen und deren Nutzung in einer Lerntagebuchanwendung,2017,,1.0,1.0,1.0,
Geführte Auswahl von IT-basierten Lehr/Lern-Werkzeugen,2017,,1.0,,1.0,1.0
Planung von Schulunterricht: Automatisches Feedback zur Reflexionsanregung über eigene Unterrichtsentwürfe,2017,,1.0,1.0,1.0,-1.0
Analytics Prototype for Data Driven Decision Making for Blended Learning Strategies in HEI,2017,,1.0,,1.0,1.0
A Conversational Agent for the Improvement of Human Reasoning Skills,2017,,,1.0,1.0,-1.0
Ein Lückentext-Test zur Beherrschung einer Programmiersprache,2017,,-1.0,1.0,1.0,-1.0
SensoMot – Sensorische Erfassung von Motivationsindikatoren zur Steuerung adaptiver Lerninhalte,2017,,1.0,1.0,1.0,
Generalisierbarkeit von Gamification-Ansätzen in E-Learning – eine explorative Studie,2017,,,1.0,-1.0,1.0
Empirische Untersuchung des EGameFlow eines Serious Games zur Verbesserung des Lernerfolgs,2017,,,1.0,-1.0,1.0
Hybride Lernräume für Innovationsprozesse,2017,,1.0,,1.0,1.0
Spielend leicht Lernspiele entwickeln -Ein Framework für Multitouch-Lernspiele,2017,,1.0,1.0,1.0,-1.0
Simulationsfall Nohra: SimCity als etabliertes Lehrmedium in der universitären Hochschulausbildung,2017,,,1.0,-1.0,1.0
Eine extravertierte und eine gewissenhafte Person in jeder Lerngruppe! Effekte der Verteilung von Persönlichkeits-merkmalen auf Zufriedenheit und Lernergebnis,2017,,1.0,1.0,1.0,1.0
Recomposing Small Learning Groups at Scale—A Data-driven Approach and a Simulation Experiment,2017,,1.0,1.0,1.0,
Teamwork assessment and peerwise scoring: Combining process and product assessment,2017,,1.0,1.0,,-1.0
StudiDuell App – Mobiles Lernen mit interaktiven Hörsaalspielen,2017,,1.0,1.0,1.0,
Eine Middleware Infrastruktur für das Teilen von Lerndaten und Diensten zwischen Bildungseinrichtungen,2017,,1.0,,1.0,
Moving freely while staying on track — Smart Glasses to Support Lecturers,2017,,1.0,,1.0,1.0
DIAL – Ein BigBlueButton-basiertes System für interaktive Live-Übertragungen von Vorlesungen,2017,,1.0,1.0,1.0,
PalmQA: Ein Frage-Antwort-Ensemble für selbstgesteuertes Lernen,2017,,1.0,1.0,1.0,
Vergleichbare Bewertung verschiedener videobasierter Lernmodule am Beispiel der Geophysik,2017,,,1.0,-1.0,1.0
Entwicklung und Durchführung computerbasierter Tests zur Messung von Musikkompetenzen,2017,,1.0,1.0,1.0,1.0
Evaluation einer Statistiklehrveranstaltung mit dem JACK R-Modul,2017,,1.0,1.0,1.0,
Schulrechner wandern in die Cloud – Was bedeutet das für die unterschiedlichen Stakeholder?,2017,,1.0,,1.0,1.0
A Crowdsourcing-based Learning Approach to activate Active Learning,2017,,1.0,1.0,-1.0,
Akzeptanz von e-Learning-Strukturen in Hygieneweiter-bildungen,2017,,1.0,1.0,-1.0,1.0
